/*
SQLyog Ultimate v10.3 
MySQL - 5.5.5-10.3.24-MariaDB-cll-lve : Database - fzbsokgg_tauro_kardex_v2
*********************************************************************
*/

/*!40101 SET NAMES utf8 */;

/*!40101 SET SQL_MODE=''*/;

/*!40014 SET @OLD_UNIQUE_CHECKS=@@UNIQUE_CHECKS, UNIQUE_CHECKS=0 */;
/*!40014 SET @OLD_FOREIGN_KEY_CHECKS=@@FOREIGN_KEY_CHECKS, FOREIGN_KEY_CHECKS=0 */;
/*!40101 SET @OLD_SQL_MODE=@@SQL_MODE, SQL_MODE='NO_AUTO_VALUE_ON_ZERO' */;
/*!40111 SET @OLD_SQL_NOTES=@@SQL_NOTES, SQL_NOTES=0 */;
CREATE DATABASE /*!32312 IF NOT EXISTS*/`fzbsokgg_tauro_kardex_v2` /*!40100 DEFAULT CHARACTER SET latin1 */;

USE `fzbsokgg_tauro_kardex_v2`;

/*Table structure for table `kar_compra` */

DROP TABLE IF EXISTS `kar_compra`;

CREATE TABLE `kar_compra` (
  `nIDCOMPRA` int(10) unsigned zerofill NOT NULL AUTO_INCREMENT,
  `nIDLOCAL` int(4) unsigned zerofill NOT NULL,
  `nIDPROVEEDOR` int(4) unsigned zerofill NOT NULL,
  `nESTADO` int(1) DEFAULT 1,
  `sOBSERVACION` mediumtext COLLATE utf8_spanish2_ci DEFAULT NULL,
  `dFECHACOMPRA` datetime DEFAULT NULL,
  `sIDUSUARIOCREACION` char(30) CHARACTER SET utf8 COLLATE utf8_unicode_ci DEFAULT NULL,
  `dFECHACREACION` timestamp NULL DEFAULT current_timestamp(),
  `sIDUSUARIOMOD` char(30) CHARACTER SET utf8 COLLATE utf8_unicode_ci DEFAULT NULL,
  `dFECHAMOD` datetime DEFAULT NULL,
  PRIMARY KEY (`nIDCOMPRA`),
  KEY `nIDLOCAL` (`nIDLOCAL`),
  KEY `nIDPROVEEDOR` (`nIDPROVEEDOR`),
  CONSTRAINT `kar_compra_ibfk_1` FOREIGN KEY (`nIDLOCAL`) REFERENCES `sel_local` (`nIDLOCAL`),
  CONSTRAINT `kar_compra_ibfk_2` FOREIGN KEY (`nIDPROVEEDOR`) REFERENCES `sel_proveedor` (`nIDPROVEEDOR`)
) ENGINE=InnoDB AUTO_INCREMENT=75 DEFAULT CHARSET=utf8 COLLATE=utf8_spanish2_ci;

/*Data for the table `kar_compra` */

insert  into `kar_compra`(`nIDCOMPRA`,`nIDLOCAL`,`nIDPROVEEDOR`,`nESTADO`,`sOBSERVACION`,`dFECHACOMPRA`,`sIDUSUARIOCREACION`,`dFECHACREACION`,`sIDUSUARIOMOD`,`dFECHAMOD`) values (0000000002,0002,0002,3,NULL,'2020-10-15 17:10:38','FLAURA','2020-10-15 17:37:38','FLAURA',NULL),(0000000003,0002,0001,3,NULL,'2020-10-15 17:10:08','FLAURA','2020-10-15 17:39:08','FLAURA',NULL),(0000000004,0002,0001,1,NULL,'2020-10-15 17:10:20','FLAURA','2020-10-15 17:40:20',NULL,NULL),(0000000005,0002,0001,1,NULL,'2020-10-15 17:10:13','FLAURA','2020-10-15 17:41:13',NULL,NULL),(0000000006,0002,0001,3,NULL,'2020-10-15 17:10:38','FLAURA','2020-10-15 17:41:38','FLAURA',NULL),(0000000007,0002,0001,1,NULL,'2020-10-15 17:10:40','FLAURA','2020-10-15 17:41:40',NULL,NULL),(0000000008,0002,0001,3,NULL,'2020-10-15 17:10:54','FLAURA','2020-10-15 17:41:54','FLAURA',NULL),(0000000009,0002,0001,3,NULL,'2020-10-15 17:10:03','FLAURA','2020-10-15 17:42:03','FLAURA',NULL),(0000000010,0002,0001,3,NULL,'2020-10-15 17:10:27','FLAURA','2020-10-15 17:51:27','FLAURA',NULL),(0000000011,0002,0001,1,NULL,'2020-10-15 17:10:44','FLAURA','2020-10-15 17:52:44',NULL,NULL),(0000000012,0002,0001,3,NULL,'2020-10-15 17:10:52','FLAURA','2020-10-15 17:53:52','FLAURA',NULL),(0000000013,0002,0001,1,NULL,'2020-10-15 17:10:57','FLAURA','2020-10-15 17:54:57',NULL,NULL),(0000000014,0002,0001,1,NULL,'2020-10-15 17:10:18','FLAURA','2020-10-15 17:55:18',NULL,NULL),(0000000015,0002,0001,1,NULL,'2020-10-15 17:10:21','FLAURA','2020-10-15 17:55:21',NULL,NULL),(0000000016,0002,0001,1,NULL,'2020-10-15 17:10:23','FLAURA','2020-10-15 17:55:23',NULL,NULL),(0000000017,0002,0001,1,NULL,'2020-10-15 17:10:39','FLAURA','2020-10-15 17:55:39',NULL,NULL),(0000000018,0002,0001,1,NULL,'2020-10-15 17:10:41','FLAURA','2020-10-15 17:55:41',NULL,NULL),(0000000019,0002,0001,1,NULL,'2020-10-15 17:10:42','FLAURA','2020-10-15 17:55:42',NULL,NULL),(0000000020,0002,0001,1,NULL,'2020-10-15 17:10:43','FLAURA','2020-10-15 17:55:43',NULL,NULL),(0000000021,0002,0001,1,NULL,'2020-10-15 17:10:44','FLAURA','2020-10-15 17:55:44',NULL,NULL),(0000000022,0002,0001,1,NULL,'2020-10-15 17:10:44','FLAURA','2020-10-15 17:55:44',NULL,NULL),(0000000023,0002,0001,1,NULL,'2020-10-15 17:10:48','FLAURA','2020-10-15 17:56:48',NULL,NULL),(0000000024,0002,0002,3,NULL,'2020-10-15 17:10:52','FLAURA','2020-10-15 17:59:52','FLAURA',NULL),(0000000025,0002,0007,1,NULL,'2020-10-15 20:10:10','FLAURA','2020-10-15 20:33:10',NULL,NULL),(0000000026,0002,0001,1,NULL,'2020-10-16 16:10:03','FLAURA','2020-10-16 16:05:03',NULL,NULL),(0000000027,0002,0009,1,NULL,'2020-10-18 18:10:49','FLAURA','2020-10-18 19:58:49',NULL,NULL),(0000000028,0002,0010,3,NULL,'2020-10-18 19:10:21','FLAURA','2020-10-18 20:01:21','FLAURA',NULL),(0000000029,0002,0011,1,'ESTO ES UNA OBS','2020-10-18 21:10:57','FLAURA','2020-10-18 22:55:58',NULL,NULL),(0000000030,0002,0012,1,'dasdsa','2020-10-18 22:10:15','FLAURA','2020-10-18 23:02:17',NULL,NULL),(0000000031,0002,0013,1,'dasdasdasdas','2020-10-18 22:10:42','FLAURA','2020-10-18 23:05:43',NULL,NULL),(0000000032,0002,0001,1,'WEBA','2020-10-18 22:10:24','FLAURA','2020-10-18 23:24:24',NULL,NULL),(0000000033,0002,0014,1,'ESTO ES UNA OBS\r\nESTO ES UNA OBS\r\nESTO ES UNA OBS\r\nESTO ES UNA OBS','2020-10-18 22:10:12','FLAURA','2020-10-18 23:33:13',NULL,NULL),(0000000034,0002,0015,3,'','2020-10-18 22:10:05','FLAURA','2020-10-18 23:35:07','FLAURA',NULL),(0000000035,0002,0011,1,'fdsa','2020-10-18 23:10:54','FLAURA','2020-10-19 00:31:54',NULL,NULL),(0000000036,0002,0001,1,'VENTA 1','2020-10-18 23:10:15','FLAURA','2020-10-19 00:35:15',NULL,NULL),(0000000037,0002,0009,1,'','2020-10-18 23:10:15','FLAURA','2020-10-19 00:40:17',NULL,NULL),(0000000038,0002,0001,1,'Observacion','2020-10-19 09:10:38','FLAURA','2020-10-19 10:58:37',NULL,NULL),(0000000043,0002,0007,1,'dsa','2020-10-20 19:10:05','FLAURA','2020-10-20 20:53:05',NULL,NULL),(0000000044,0002,0002,1,'sadasd','2020-10-20 19:10:49','FLAURA','2020-10-20 20:54:49',NULL,NULL),(0000000045,0002,0002,1,'12321','2020-10-20 20:10:42','FLAURA','2020-10-20 21:05:42',NULL,NULL),(0000000046,0002,0002,1,'test','2020-10-20 20:10:46','FLAURA','2020-10-20 21:06:46',NULL,NULL),(0000000047,0002,0002,1,'123','2020-10-20 20:10:50','FLAURA','2020-10-20 21:07:50',NULL,NULL),(0000000048,0002,0002,1,'123','2020-10-20 20:10:19','FLAURA','2020-10-20 21:09:20',NULL,NULL),(0000000049,0002,0002,1,'test','2020-10-20 20:10:20','FLAURA','2020-10-20 21:13:20',NULL,NULL),(0000000050,0002,0002,1,'44','2020-10-20 20:10:05','FLAURA','2020-10-20 21:17:05',NULL,NULL),(0000000051,0002,0002,1,'555','2020-10-20 20:10:12','FLAURA','2020-10-20 21:18:12',NULL,NULL),(0000000052,0002,0002,1,'55','2020-10-20 20:10:11','FLAURA','2020-10-20 21:19:11',NULL,NULL),(0000000053,0002,0002,1,'444','2020-10-20 20:10:44','FLAURA','2020-10-20 21:20:45',NULL,NULL),(0000000054,0002,0007,1,'123','2020-10-20 20:10:48','FLAURA','2020-10-20 21:22:48',NULL,NULL),(0000000055,0002,0002,1,'555','2020-10-20 20:10:48','FLAURA','2020-10-20 21:23:48',NULL,NULL),(0000000056,0002,0007,1,'21','2020-10-20 20:10:36','FLAURA','2020-10-20 21:26:36',NULL,NULL),(0000000057,0002,0002,1,'55','2020-10-20 20:10:44','FLAURA','2020-10-20 21:27:44',NULL,NULL),(0000000058,0002,0002,1,'55','2020-10-20 20:10:36','FLAURA','2020-10-20 21:28:37',NULL,NULL),(0000000059,0002,0002,1,'66','2020-10-20 20:10:47','FLAURA','2020-10-20 21:29:47',NULL,NULL),(0000000060,0002,0002,1,'77','2020-10-20 20:10:36','FLAURA','2020-10-20 21:30:36',NULL,NULL),(0000000061,0002,0009,1,'11','2020-10-20 20:10:36','FLAURA','2020-10-20 21:31:37',NULL,NULL),(0000000062,0002,0002,1,'12','2020-10-20 20:10:38','FLAURA','2020-10-20 21:32:38',NULL,NULL),(0000000063,0002,0002,1,'fasd','2020-10-20 20:10:46','FLAURA','2020-10-20 21:33:46',NULL,NULL),(0000000064,0002,0007,1,'44','2020-10-20 20:10:29','FLAURA','2020-10-20 21:34:29',NULL,NULL),(0000000065,0002,0007,1,'12','2020-10-20 20:10:15','FLAURA','2020-10-20 21:35:15',NULL,NULL),(0000000066,0002,0002,1,'12','2020-10-20 20:10:46','FLAURA','2020-10-20 21:59:46',NULL,NULL),(0000000067,0002,0007,1,'123','2020-10-20 21:10:01','FLAURA','2020-10-20 22:05:01',NULL,NULL),(0000000068,0002,0002,1,'12','2020-10-20 21:10:36','FLAURA','2020-10-20 22:07:36',NULL,NULL),(0000000069,0002,0007,1,'12312','2020-10-20 21:10:14','FLAURA','2020-10-20 22:08:14',NULL,NULL),(0000000070,0002,0007,1,'123123','2020-10-20 21:10:18','FLAURA','2020-10-20 22:09:18',NULL,NULL),(0000000071,0002,0007,1,'12312','2020-10-20 21:10:48','FLAURA','2020-10-20 22:09:49',NULL,NULL),(0000000072,0002,0015,1,'aasdasdsa','2020-10-21 00:10:43','FLAURA','2020-10-21 01:18:45',NULL,NULL),(0000000074,0002,0002,1,'lkjhgfds','2020-10-24 18:10:32','FLAURA','2020-10-24 19:14:34',NULL,NULL);

/*Table structure for table `kar_compra_anulacion` */

DROP TABLE IF EXISTS `kar_compra_anulacion`;

CREATE TABLE `kar_compra_anulacion` (
  `nIDANULACION` int(10) unsigned zerofill NOT NULL AUTO_INCREMENT,
  `nIDCOMPRA` int(10) unsigned zerofill NOT NULL,
  `sMOTIVO` mediumtext NOT NULL,
  `dFECHA_ANUACION` datetime NOT NULL,
  `nESTADO` int(1) NOT NULL DEFAULT 1,
  `sIDUSUARIOCREACION` varchar(20) NOT NULL,
  `dFECHACREACION` datetime DEFAULT current_timestamp(),
  `sIDUSUARIOMOD` varchar(20) DEFAULT NULL,
  `dFECHAMOD` timestamp NOT NULL DEFAULT '0000-00-00 00:00:00' ON UPDATE current_timestamp(),
  PRIMARY KEY (`nIDANULACION`),
  KEY `nIDCOMPRA` (`nIDCOMPRA`),
  CONSTRAINT `kar_compra_anulacion_ibfk_1` FOREIGN KEY (`nIDCOMPRA`) REFERENCES `kar_compra` (`nIDCOMPRA`)
) ENGINE=InnoDB AUTO_INCREMENT=13 DEFAULT CHARSET=latin1;

/*Data for the table `kar_compra_anulacion` */

insert  into `kar_compra_anulacion`(`nIDANULACION`,`nIDCOMPRA`,`sMOTIVO`,`dFECHA_ANUACION`,`nESTADO`,`sIDUSUARIOCREACION`,`dFECHACREACION`,`sIDUSUARIOMOD`,`dFECHAMOD`) values (0000000001,0000000028,'motivo de prueba','2020-10-19 17:10:25',1,'FLAURA2','2020-10-19 18:22:25',NULL,'2020-10-19 23:06:23'),(0000000002,0000000028,'motivo de prueba','2020-10-19 17:10:10',1,'FLAURA','2020-10-19 18:31:11',NULL,'0000-00-00 00:00:00'),(0000000003,0000000028,'MOTIVO DE PRUEBA 2','2020-10-19 17:10:25',1,'FLAURA','2020-10-19 18:34:26',NULL,'0000-00-00 00:00:00'),(0000000004,0000000009,'MOTIVO DE PRUEBA 2','2020-10-19 17:10:40',1,'FLAURA','2020-10-19 18:37:41',NULL,'0000-00-00 00:00:00'),(0000000005,0000000012,'DDADAS','2020-10-19 17:10:54',1,'FLAURA','2020-10-19 18:38:54',NULL,'0000-00-00 00:00:00'),(0000000006,0000000024,'DASDSADSAD','2020-10-19 17:10:43',1,'FLAURA','2020-10-19 18:39:43',NULL,'0000-00-00 00:00:00'),(0000000007,0000000008,'HHGHGHGH','2020-10-19 17:10:36',1,'FLAURA','2020-10-19 18:41:37',NULL,'0000-00-00 00:00:00'),(0000000008,0000000002,'erwrwe','2020-10-19 17:10:09',1,'FLAURA','2020-10-19 18:44:10',NULL,'0000-00-00 00:00:00'),(0000000009,0000000003,'faffddfs','2020-10-19 18:10:12',1,'FLAURA','2020-10-19 19:02:13',NULL,'0000-00-00 00:00:00'),(0000000010,0000000006,'fgddfg','2020-10-19 18:10:37',1,'FLAURA','2020-10-19 19:02:38',NULL,'0000-00-00 00:00:00'),(0000000011,0000000010,'motivo x','2020-10-19 22:10:30',1,'FLAURA','2020-10-19 23:31:32',NULL,'0000-00-00 00:00:00'),(0000000012,0000000034,'CON FEEE','2020-10-19 23:10:16',1,'FLAURA','2020-10-20 00:25:19',NULL,'0000-00-00 00:00:00');

/*Table structure for table `kar_compra_detalle` */

DROP TABLE IF EXISTS `kar_compra_detalle`;

CREATE TABLE `kar_compra_detalle` (
  `nIDCOMPRADETALLE` int(10) unsigned zerofill NOT NULL AUTO_INCREMENT,
  `nIDCOMPRA` int(10) unsigned zerofill NOT NULL,
  `nIDPRODUCTO` int(5) unsigned zerofill NOT NULL,
  `nCANTIDAD` int(10) NOT NULL,
  `fPRECIO` float NOT NULL,
  `bSTOCK` int(1) NOT NULL DEFAULT 1 COMMENT '1 CON STOCK / 0 SIN STOCK',
  `nESTADO` int(1) NOT NULL DEFAULT 1,
  `sIDUSUARIOCREACION` char(30) COLLATE utf8_unicode_ci NOT NULL,
  `dFECHACREACION` timestamp NULL DEFAULT current_timestamp(),
  `sIDUSUARIOMOD` char(30) COLLATE utf8_unicode_ci DEFAULT NULL,
  `dFECHAMOD` datetime DEFAULT NULL,
  PRIMARY KEY (`nIDCOMPRADETALLE`),
  KEY `PRODUCTO` (`nIDPRODUCTO`),
  KEY `nIDCOMPRA` (`nIDCOMPRA`),
  CONSTRAINT `kar_compra_detalle_ibfk_1` FOREIGN KEY (`nIDCOMPRA`) REFERENCES `kar_compra` (`nIDCOMPRA`)
) ENGINE=InnoDB AUTO_INCREMENT=95 DEFAULT CHARSET=utf8 COLLATE=utf8_unicode_ci;

/*Data for the table `kar_compra_detalle` */

insert  into `kar_compra_detalle`(`nIDCOMPRADETALLE`,`nIDCOMPRA`,`nIDPRODUCTO`,`nCANTIDAD`,`fPRECIO`,`bSTOCK`,`nESTADO`,`sIDUSUARIOCREACION`,`dFECHACREACION`,`sIDUSUARIOMOD`,`dFECHAMOD`) values (0000000009,0000000002,00012,11,30,1,3,'FLAURA','2020-10-15 17:37:38','FLAURA',NULL),(0000000010,0000000002,00039,11,11,1,3,'FLAURA','2020-10-15 17:37:38','FLAURA',NULL),(0000000011,0000000002,00085,11,120,1,3,'FLAURA','2020-10-15 17:37:38','FLAURA',NULL),(0000000012,0000000003,00012,12,30,1,3,'FLAURA','2020-10-15 17:39:08','FLAURA',NULL),(0000000013,0000000003,00039,11,11,1,3,'FLAURA','2020-10-15 17:39:08','FLAURA',NULL),(0000000014,0000000003,00085,11,120,1,3,'FLAURA','2020-10-15 17:39:08','FLAURA',NULL),(0000000015,0000000004,00012,13,30,0,1,'FLAURA','2020-10-15 17:40:20',NULL,NULL),(0000000016,0000000004,00039,11,11,1,1,'FLAURA','2020-10-15 17:40:20',NULL,NULL),(0000000017,0000000004,00085,11,120,1,1,'FLAURA','2020-10-15 17:40:20',NULL,NULL),(0000000018,0000000005,00044,111,111,1,1,'FLAURA','2020-10-15 17:41:13',NULL,NULL),(0000000019,0000000005,00039,11,11,1,1,'FLAURA','2020-10-15 17:41:13',NULL,NULL),(0000000020,0000000005,00086,11,120,1,1,'FLAURA','2020-10-15 17:41:13',NULL,NULL),(0000000021,0000000006,00012,14,30,1,3,'FLAURA','2020-10-15 17:41:38','FLAURA',NULL),(0000000022,0000000006,00039,11,11,1,3,'FLAURA','2020-10-15 17:41:38','FLAURA',NULL),(0000000023,0000000006,00085,11,120,1,3,'FLAURA','2020-10-15 17:41:38','FLAURA',NULL),(0000000024,0000000007,00033,111,111,1,1,'FLAURA','2020-10-15 17:41:40',NULL,NULL),(0000000025,0000000007,00039,11,11,1,1,'FLAURA','2020-10-15 17:41:40',NULL,NULL),(0000000026,0000000007,00085,11,120,1,1,'FLAURA','2020-10-15 17:41:40',NULL,NULL),(0000000027,0000000008,00022,111,111,1,3,'FLAURA','2020-10-15 17:41:54','FLAURA',NULL),(0000000028,0000000008,00039,11,11,1,3,'FLAURA','2020-10-15 17:41:54','FLAURA',NULL),(0000000029,0000000008,00085,11,120,1,3,'FLAURA','2020-10-15 17:41:54','FLAURA',NULL),(0000000030,0000000009,00026,111,111,1,3,'FLAURA','2020-10-15 17:42:03','FLAURA',NULL),(0000000031,0000000009,00039,11,11,1,3,'FLAURA','2020-10-15 17:42:03','FLAURA',NULL),(0000000032,0000000009,00085,11,120,1,3,'FLAURA','2020-10-15 17:42:03','FLAURA',NULL),(0000000033,0000000010,00030,111,111,1,3,'FLAURA','2020-10-15 17:51:27','FLAURA',NULL),(0000000034,0000000010,00039,11,11,1,3,'FLAURA','2020-10-15 17:51:27','FLAURA',NULL),(0000000035,0000000010,00085,11,120,1,3,'FLAURA','2020-10-15 17:51:27','FLAURA',NULL),(0000000036,0000000011,00035,111,111,1,1,'FLAURA','2020-10-15 17:52:44',NULL,NULL),(0000000037,0000000011,00020,11,11,1,1,'FLAURA','2020-10-15 17:52:44',NULL,NULL),(0000000038,0000000011,00018,11,120,1,1,'FLAURA','2020-10-15 17:52:44',NULL,NULL),(0000000039,0000000012,00011,11,11,1,3,'FLAURA','2020-10-15 17:53:52','FLAURA',NULL),(0000000040,0000000013,00013,11,11,1,1,'FLAURA','2020-10-15 17:54:57',NULL,NULL),(0000000041,0000000023,00014,11,22,1,1,'FLAURA','2020-10-15 17:56:48',NULL,NULL),(0000000042,0000000024,00029,22,33,1,3,'FLAURA','2020-10-15 17:59:52','FLAURA',NULL),(0000000043,0000000025,00013,10,20,1,1,'FLAURA','2020-10-15 20:33:11',NULL,NULL),(0000000044,0000000025,00015,10,30,1,1,'FLAURA','2020-10-15 20:33:11',NULL,NULL),(0000000045,0000000026,00014,50,100,1,1,'FLAURA','2020-10-16 16:05:03',NULL,NULL),(0000000046,0000000028,00012,15,25,1,3,'FLAURA','2020-10-18 20:01:21','FLAURA',NULL),(0000000047,0000000028,00013,10,15.3,1,3,'FLAURA','2020-10-18 20:01:22','FLAURA',NULL),(0000000048,0000000028,00035,15,25.5,1,3,'FLAURA','2020-10-18 20:01:22','FLAURA',NULL),(0000000049,0000000029,00083,10,15,1,1,'FLAURA','2020-10-18 22:55:58',NULL,NULL),(0000000050,0000000029,00084,10,15,1,1,'FLAURA','2020-10-18 22:55:59',NULL,NULL),(0000000051,0000000030,00085,10,15,1,1,'FLAURA','2020-10-18 23:02:17',NULL,NULL),(0000000052,0000000031,00086,10,15,1,1,'FLAURA','2020-10-18 23:05:44',NULL,NULL),(0000000053,0000000031,00036,10,15,1,1,'FLAURA','2020-10-18 23:05:44',NULL,NULL),(0000000054,0000000032,00013,11,11,1,1,'FLAURA','2020-10-18 23:24:24',NULL,NULL),(0000000055,0000000033,00012,16,25,0,1,'FLAURA','2020-10-18 23:33:14',NULL,NULL),(0000000056,0000000033,00039,20,30,1,1,'FLAURA','2020-10-18 23:33:14',NULL,NULL),(0000000057,0000000033,00035,6,50,1,1,'FLAURA','2020-10-18 23:33:14',NULL,NULL),(0000000058,0000000034,00012,17,50,1,3,'FLAURA','2020-10-18 23:35:07','FLAURA',NULL),(0000000059,0000000035,00012,18,30,0,1,'FLAURA','2020-10-19 00:31:54',NULL,NULL),(0000000060,0000000036,00035,10,100,1,1,'FLAURA','2020-10-19 00:35:15',NULL,NULL),(0000000061,0000000037,00012,19,22,1,1,'FLAURA','2020-10-19 00:40:17',NULL,NULL),(0000000062,0000000038,00013,11,11,1,1,'FLAURA','2020-10-19 10:58:38',NULL,NULL),(0000000063,0000000038,00021,11,11,1,1,'FLAURA','2020-10-19 10:58:38',NULL,NULL),(0000000064,0000000043,00035,11,100,1,1,'FLAURA','2020-10-20 20:53:05',NULL,NULL),(0000000065,0000000044,00012,20,30,1,1,'FLAURA','2020-10-20 20:54:50',NULL,NULL),(0000000066,0000000045,00012,21,25,1,1,'FLAURA','2020-10-20 21:05:43',NULL,NULL),(0000000067,0000000046,00012,22,32,1,1,'FLAURA','2020-10-20 21:06:46',NULL,NULL),(0000000068,0000000047,00012,23,50,1,1,'FLAURA','2020-10-20 21:07:50',NULL,NULL),(0000000069,0000000048,00012,24,30,1,1,'FLAURA','2020-10-20 21:09:20',NULL,NULL),(0000000070,0000000049,00012,25,30,1,1,'FLAURA','2020-10-20 21:13:20',NULL,NULL),(0000000071,0000000050,00012,26,28,1,1,'FLAURA','2020-10-20 21:17:06',NULL,NULL),(0000000072,0000000051,00012,27,25,1,1,'FLAURA','2020-10-20 21:18:13',NULL,NULL),(0000000073,0000000052,00013,33,33,1,1,'FLAURA','2020-10-20 21:19:11',NULL,NULL),(0000000074,0000000053,00013,111,11,1,1,'FLAURA','2020-10-20 21:20:45',NULL,NULL),(0000000075,0000000054,00012,28,22,1,1,'FLAURA','2020-10-20 21:22:48',NULL,NULL),(0000000076,0000000055,00012,29,30,1,1,'FLAURA','2020-10-20 21:23:48',NULL,NULL),(0000000077,0000000056,00013,33,33,1,1,'FLAURA','2020-10-20 21:26:37',NULL,NULL),(0000000078,0000000057,00012,30,23,1,1,'FLAURA','2020-10-20 21:27:45',NULL,NULL),(0000000079,0000000058,00012,31,28,1,1,'FLAURA','2020-10-20 21:28:37',NULL,NULL),(0000000080,0000000059,00012,32,28,1,1,'FLAURA','2020-10-20 21:29:47',NULL,NULL),(0000000081,0000000060,00013,77,77,1,1,'FLAURA','2020-10-20 21:30:36',NULL,NULL),(0000000082,0000000061,00012,33,30,1,1,'FLAURA','2020-10-20 21:31:37',NULL,NULL),(0000000083,0000000062,00012,34,30,1,1,'FLAURA','2020-10-20 21:32:38',NULL,NULL),(0000000084,0000000063,00012,35,50,1,1,'FLAURA','2020-10-20 21:33:46',NULL,NULL),(0000000085,0000000064,00012,36,40,1,1,'FLAURA','2020-10-20 21:34:29',NULL,NULL),(0000000086,0000000065,00012,37,55,1,1,'FLAURA','2020-10-20 21:35:15',NULL,NULL),(0000000087,0000000066,00036,22,22,1,1,'FLAURA','2020-10-20 21:59:46',NULL,NULL),(0000000088,0000000067,00036,22,22,1,1,'FLAURA','2020-10-20 22:05:02',NULL,NULL),(0000000089,0000000068,00036,22,22,1,1,'FLAURA','2020-10-20 22:07:36',NULL,NULL),(0000000090,0000000069,00036,22,22,1,1,'FLAURA','2020-10-20 22:08:14',NULL,NULL),(0000000091,0000000070,00012,38,22,1,1,'FLAURA','2020-10-20 22:09:19',NULL,NULL),(0000000092,0000000071,00013,12,11,1,1,'FLAURA','2020-10-20 22:09:49',NULL,NULL),(0000000093,0000000072,00012,39,30,1,1,'FLAURA','2020-10-21 01:18:45',NULL,NULL),(0000000094,0000000072,00082,10,44,1,1,'FLAURA','2020-10-21 01:18:45',NULL,NULL);

/*Table structure for table `kar_compra_pago` */

DROP TABLE IF EXISTS `kar_compra_pago`;

CREATE TABLE `kar_compra_pago` (
  `nIDCOMPRAPAGO` int(10) unsigned zerofill NOT NULL AUTO_INCREMENT,
  `nIDCOMPRA` int(10) unsigned zerofill NOT NULL,
  `nIDTIPOPAGO` int(2) unsigned zerofill NOT NULL,
  `fMONTO` float NOT NULL,
  `sCUENTA` char(20) COLLATE utf8_spanish2_ci NOT NULL,
  `nESTADO` int(1) NOT NULL DEFAULT 1,
  `sIDUSUARIOCREACION` char(30) COLLATE utf8_spanish2_ci NOT NULL,
  `dFECHACREACION` timestamp NULL DEFAULT current_timestamp(),
  `sIDUSUARIOMOD` char(30) COLLATE utf8_spanish2_ci DEFAULT NULL,
  `dFECHAMOD` datetime DEFAULT NULL,
  PRIMARY KEY (`nIDCOMPRAPAGO`),
  KEY `nIDCOMPRA` (`nIDCOMPRA`),
  KEY `nIDTIPOPAGO` (`nIDTIPOPAGO`),
  CONSTRAINT `kar_compra_pago_ibfk_1` FOREIGN KEY (`nIDCOMPRA`) REFERENCES `kar_compra` (`nIDCOMPRA`),
  CONSTRAINT `kar_compra_pago_ibfk_2` FOREIGN KEY (`nIDTIPOPAGO`) REFERENCES `sel_tipopago` (`nIDTIPOPAGO`)
) ENGINE=InnoDB AUTO_INCREMENT=73 DEFAULT CHARSET=utf8 COLLATE=utf8_spanish2_ci;

/*Data for the table `kar_compra_pago` */

insert  into `kar_compra_pago`(`nIDCOMPRAPAGO`,`nIDCOMPRA`,`nIDTIPOPAGO`,`fMONTO`,`sCUENTA`,`nESTADO`,`sIDUSUARIOCREACION`,`dFECHACREACION`,`sIDUSUARIOMOD`,`dFECHAMOD`) values (0000000007,0000000005,01,111,'',1,'FLAURA','2020-10-15 17:41:13',NULL,NULL),(0000000008,0000000005,01,2000,'',1,'FLAURA','2020-10-15 17:41:13',NULL,NULL),(0000000009,0000000006,01,111,'',1,'FLAURA','2020-10-15 17:41:38',NULL,NULL),(0000000010,0000000006,01,2000,'',1,'FLAURA','2020-10-15 17:41:38',NULL,NULL),(0000000011,0000000007,01,111,'',1,'FLAURA','2020-10-15 17:41:40',NULL,NULL),(0000000012,0000000007,01,2000,'',1,'FLAURA','2020-10-15 17:41:40',NULL,NULL),(0000000013,0000000008,01,111,'',1,'FLAURA','2020-10-15 17:41:54',NULL,NULL),(0000000014,0000000008,01,2000,'',1,'FLAURA','2020-10-15 17:41:54',NULL,NULL),(0000000015,0000000009,01,111,'',1,'FLAURA','2020-10-15 17:42:03',NULL,NULL),(0000000016,0000000009,01,2000,'',1,'FLAURA','2020-10-15 17:42:03',NULL,NULL),(0000000017,0000000010,01,111,'',1,'FLAURA','2020-10-15 17:51:27',NULL,NULL),(0000000018,0000000010,01,2000,'',1,'FLAURA','2020-10-15 17:51:27',NULL,NULL),(0000000019,0000000011,01,111,'',1,'FLAURA','2020-10-15 17:52:44',NULL,NULL),(0000000020,0000000011,01,2000,'',1,'FLAURA','2020-10-15 17:52:44',NULL,NULL),(0000000021,0000000012,01,1111,'',1,'FLAURA','2020-10-15 17:53:52',NULL,NULL),(0000000022,0000000013,01,222,'',1,'FLAURA','2020-10-15 17:54:57',NULL,NULL),(0000000023,0000000023,01,3333,'',1,'FLAURA','2020-10-15 17:56:48',NULL,NULL),(0000000024,0000000024,02,5555,'66666',1,'FLAURA','2020-10-15 17:59:52',NULL,NULL),(0000000025,0000000024,01,11,'',1,'FLAURA','2020-10-15 17:59:52',NULL,NULL),(0000000026,0000000025,01,500,'',1,'FLAURA','2020-10-15 20:33:11',NULL,NULL),(0000000027,0000000026,01,500,'',1,'FLAURA','2020-10-16 16:05:03',NULL,NULL),(0000000028,0000000028,01,150,'',1,'FLAURA','2020-10-18 20:01:22',NULL,NULL),(0000000029,0000000028,01,150,'',1,'FLAURA','2020-10-18 20:01:23',NULL,NULL),(0000000030,0000000028,01,15,'',1,'FLAURA','2020-10-18 20:01:23',NULL,NULL),(0000000031,0000000029,01,100,'',1,'FLAURA','2020-10-18 22:55:59',NULL,NULL),(0000000032,0000000029,02,200,'ABC123',1,'FLAURA','2020-10-18 22:55:59',NULL,NULL),(0000000033,0000000031,02,150,'1515151515',1,'FLAURA','2020-10-18 23:05:44',NULL,NULL),(0000000034,0000000031,01,150,'',1,'FLAURA','2020-10-18 23:05:44',NULL,NULL),(0000000035,0000000032,01,121,'',1,'FLAURA','2020-10-18 23:24:24',NULL,NULL),(0000000036,0000000033,01,500,'',1,'FLAURA','2020-10-18 23:33:14',NULL,NULL),(0000000037,0000000033,02,500,'101010-151515',1,'FLAURA','2020-10-18 23:33:14',NULL,NULL),(0000000038,0000000034,01,750,'',1,'FLAURA','2020-10-18 23:35:07',NULL,NULL),(0000000039,0000000035,01,121,'',1,'FLAURA','2020-10-19 00:31:54',NULL,NULL),(0000000040,0000000036,01,1000,'',1,'FLAURA','2020-10-19 00:35:15',NULL,NULL),(0000000041,0000000037,01,264,'',1,'FLAURA','2020-10-19 00:40:17',NULL,NULL),(0000000042,0000000038,01,100,'',1,'FLAURA','2020-10-19 10:58:38',NULL,NULL),(0000000043,0000000038,01,142,'',1,'FLAURA','2020-10-19 10:58:38',NULL,NULL),(0000000044,0000000043,01,110,'',1,'FLAURA','2020-10-20 20:53:05',NULL,NULL),(0000000045,0000000043,01,990,'',1,'FLAURA','2020-10-20 20:53:05',NULL,NULL),(0000000046,0000000044,01,121,'',1,'FLAURA','2020-10-20 20:54:50',NULL,NULL),(0000000047,0000000045,01,121,'',1,'FLAURA','2020-10-20 21:05:43',NULL,NULL),(0000000048,0000000046,01,1232,'',1,'FLAURA','2020-10-20 21:06:46',NULL,NULL),(0000000049,0000000047,01,242,'',1,'FLAURA','2020-10-20 21:07:50',NULL,NULL),(0000000050,0000000048,01,121,'',1,'FLAURA','2020-10-20 21:09:20',NULL,NULL),(0000000051,0000000049,01,484,'',1,'FLAURA','2020-10-20 21:13:20',NULL,NULL),(0000000052,0000000050,01,484,'',1,'FLAURA','2020-10-20 21:17:06',NULL,NULL),(0000000053,0000000051,01,3025,'',1,'FLAURA','2020-10-20 21:18:13',NULL,NULL),(0000000054,0000000052,01,1089,'',1,'FLAURA','2020-10-20 21:19:11',NULL,NULL),(0000000055,0000000053,01,1221,'',1,'FLAURA','2020-10-20 21:20:45',NULL,NULL),(0000000056,0000000054,01,484,'',1,'FLAURA','2020-10-20 21:22:48',NULL,NULL),(0000000057,0000000055,01,3025,'',1,'FLAURA','2020-10-20 21:23:48',NULL,NULL),(0000000058,0000000056,01,1089,'',1,'FLAURA','2020-10-20 21:26:37',NULL,NULL),(0000000059,0000000057,01,1849,'',1,'FLAURA','2020-10-20 21:27:45',NULL,NULL),(0000000060,0000000058,01,3025,'',1,'FLAURA','2020-10-20 21:28:37',NULL,NULL),(0000000061,0000000059,01,4356,'',1,'FLAURA','2020-10-20 21:29:48',NULL,NULL),(0000000062,0000000060,01,5929,'',1,'FLAURA','2020-10-20 21:30:36',NULL,NULL),(0000000063,0000000061,01,7744,'',1,'FLAURA','2020-10-20 21:31:37',NULL,NULL),(0000000064,0000000062,01,6105,'',1,'FLAURA','2020-10-20 21:32:39',NULL,NULL),(0000000065,0000000063,01,49284,'',1,'FLAURA','2020-10-20 21:33:47',NULL,NULL),(0000000066,0000000064,01,1936,'',1,'FLAURA','2020-10-20 21:34:29',NULL,NULL),(0000000067,0000000065,01,3025,'',1,'FLAURA','2020-10-20 21:35:15',NULL,NULL),(0000000068,0000000069,02,484,'3',1,'FLAURA','2020-10-20 22:08:15',NULL,NULL),(0000000069,0000000070,02,2706,'4',1,'FLAURA','2020-10-20 22:09:19',NULL,NULL),(0000000070,0000000071,02,132,'0004',1,'FLAURA','2020-10-20 22:09:49',NULL,NULL),(0000000071,0000000072,01,500,'5',1,'FLAURA','2020-10-21 01:18:45',NULL,NULL),(0000000072,0000000072,01,600,'6',1,'FLAURA','2020-10-21 01:18:46',NULL,NULL);

/*Table structure for table `kar_persona` */

DROP TABLE IF EXISTS `kar_persona`;

CREATE TABLE `kar_persona` (
  `IDPERSONA` int(4) unsigned zerofill NOT NULL AUTO_INCREMENT,
  `NOMBRE` char(30) COLLATE utf8_spanish2_ci NOT NULL,
  `AP_PATERNO` char(30) COLLATE utf8_spanish2_ci NOT NULL,
  `AP_MATERNO` char(30) COLLATE utf8_spanish2_ci NOT NULL,
  `NUMERODOC` int(8) NOT NULL,
  `CORREO` char(30) COLLATE utf8_spanish2_ci NOT NULL,
  `TELEFONO` int(9) NOT NULL,
  `TIPOPERSONA` char(4) COLLATE utf8_spanish2_ci NOT NULL DEFAULT 'PERS' COMMENT 'PER PERSONAL / USER USUARIO',
  `ESTADO` char(1) COLLATE utf8_spanish2_ci NOT NULL DEFAULT '1' COMMENT '1 SI / 0 NO',
  `IDUSUARIOCREACION` char(30) COLLATE utf8_spanish2_ci NOT NULL,
  `FECHACREACION` datetime DEFAULT current_timestamp(),
  `IDUSUARIOMOD` char(30) COLLATE utf8_spanish2_ci DEFAULT NULL,
  `FECHAMOD` timestamp NOT NULL DEFAULT '0000-00-00 00:00:00' ON UPDATE current_timestamp(),
  PRIMARY KEY (`IDPERSONA`,`TIPOPERSONA`)
) ENGINE=InnoDB AUTO_INCREMENT=199 DEFAULT CHARSET=utf8 COLLATE=utf8_spanish2_ci;

/*Data for the table `kar_persona` */

insert  into `kar_persona`(`IDPERSONA`,`NOMBRE`,`AP_PATERNO`,`AP_MATERNO`,`NUMERODOC`,`CORREO`,`TELEFONO`,`TIPOPERSONA`,`ESTADO`,`IDUSUARIOCREACION`,`FECHACREACION`,`IDUSUARIOMOD`,`FECHAMOD`) values (0106,'FRANK','LAURA','BORJA',73191639,'FRANK.CG9@GMAIL.COM',993690057,'USER','1','FLAURA','2018-04-02 00:00:00','','2018-05-01 13:09:57'),(0196,'NOMBRE','PATERNO','MATERNO',10101010,'',0,'USER','1','FLAURA','2020-09-16 21:08:35',NULL,'0000-00-00 00:00:00'),(0197,'TICONA','CRISTIAN','MAMANI',96969696,'',0,'USER','1','FLAURA','2020-09-28 01:34:11',NULL,'0000-00-00 00:00:00'),(0198,'REYBI ANTONY','TICLIA','ACEVEDO',96969697,'',0,'USER','1','FLAURA','2020-09-28 10:03:27',NULL,'0000-00-00 00:00:00');

/*Table structure for table `kar_producto` */

DROP TABLE IF EXISTS `kar_producto`;

CREATE TABLE `kar_producto` (
  `nIDPRODUCTO` int(5) unsigned zerofill NOT NULL AUTO_INCREMENT,
  `nIDLOCAL` int(4) unsigned zerofill NOT NULL,
  `sNOMBRE` char(150) COLLATE utf8_spanish2_ci NOT NULL,
  `nESTADO` char(1) COLLATE utf8_spanish2_ci NOT NULL DEFAULT '1',
  `sIDUSUARIOCREACION` char(30) COLLATE utf8_spanish2_ci NOT NULL,
  `dFECHACREACION` datetime DEFAULT NULL,
  `sIDUSUARIOMOD` char(30) COLLATE utf8_spanish2_ci DEFAULT NULL,
  `dFECHAMOD` timestamp NOT NULL DEFAULT '0000-00-00 00:00:00' ON UPDATE current_timestamp(),
  PRIMARY KEY (`nIDPRODUCTO`),
  KEY `nIDLOCAL` (`nIDLOCAL`),
  CONSTRAINT `kar_producto_ibfk_1` FOREIGN KEY (`nIDLOCAL`) REFERENCES `sel_local` (`nIDLOCAL`)
) ENGINE=InnoDB AUTO_INCREMENT=88 DEFAULT CHARSET=utf8 COLLATE=utf8_spanish2_ci;

/*Data for the table `kar_producto` */

insert  into `kar_producto`(`nIDPRODUCTO`,`nIDLOCAL`,`sNOMBRE`,`nESTADO`,`sIDUSUARIOCREACION`,`dFECHACREACION`,`sIDUSUARIOMOD`,`dFECHAMOD`) values (00012,0002,'SABANA POLAR','1','CMAMANI','2020-09-29 21:15:25',NULL,'2020-10-19 23:54:26'),(00013,0002,'SABANA PIEL','1','CMAMANI','2020-09-29 21:16:18',NULL,'2020-10-19 23:54:26'),(00014,0002,'MANTA PELUCHE','1','CMAMANI','2020-09-29 21:32:28',NULL,'2020-10-19 23:54:26'),(00015,0002,'MANTA PIEL','1','CMAMANI','2020-09-29 21:33:14',NULL,'2020-10-19 23:54:26'),(00016,0002,'MANTA POLAR','1','CMAMANI','2020-09-29 21:34:10',NULL,'2020-10-19 23:54:26'),(00017,0002,'MANTA PIEL CON BORDE','1','CMAMANI','2020-09-29 21:35:05',NULL,'2020-10-19 23:54:26'),(00018,0002,'COBERTOR PLUSH','1','CMAMANI','2020-09-29 21:52:17',NULL,'2020-10-19 23:54:26'),(00019,0002,'COBERTOR GOLDSUN 3PCS','1','CMAMANI','2020-09-29 21:54:56',NULL,'2020-10-19 23:54:26'),(00020,0002,'COBERTOR 3D CON FUNDA','1','CMAMANI','2020-09-29 21:56:29',NULL,'2020-10-19 23:54:26'),(00021,0002,'COBERTOR 3D SIN FUNDA','1','CMAMANI','2020-09-29 21:57:50',NULL,'2020-10-19 23:54:26'),(00022,0002,'COBERTOR PIEL CON CARNERO','1','CMAMANI','2020-09-29 21:58:54',NULL,'2020-10-19 23:54:26'),(00023,0002,'COBERTOR PIEL DE CONEJO','1','CMAMANI','2020-09-29 22:00:57',NULL,'2020-10-19 23:54:26'),(00024,0002,'COBERTOR DISNEY CON CARNERO','1','CMAMANI','2020-09-29 22:02:42',NULL,'2020-10-19 23:54:26'),(00025,0002,'COBERTOR PIEL CON CARNERO TIGRES','1','CMAMANI','2020-09-29 22:04:42',NULL,'2020-10-19 23:54:26'),(00026,0002,'COBERTOR DEPORTIVO TELA CON CARNERO','1','CMAMANI','2020-09-29 22:05:44',NULL,'2020-10-19 23:54:26'),(00027,0002,'COBERTOR DEPORTIVO TELA CON PIEL','1','CMAMANI','2020-09-29 22:16:32',NULL,'2020-10-19 23:54:26'),(00028,0002,'COBERTOR PIEL CON CARNERO 3PCS','1','CMAMANI','2020-09-29 22:18:15',NULL,'2020-10-19 23:54:26'),(00029,0002,'FRAZADA INTERMEDIA','1','CMAMANI','2020-09-29 22:19:12',NULL,'2020-10-19 23:54:26'),(00030,0002,'FRAZADA CON CARNERO','1','CMAMANI','2020-09-29 22:19:54',NULL,'2020-10-19 23:54:26'),(00031,0002,'FRAZADA 6K','1','CMAMANI','2020-09-29 22:26:57',NULL,'2020-10-19 23:54:26'),(00032,0002,'FRAZADA 8K','1','CMAMANI','2020-09-29 22:27:39',NULL,'2020-10-19 23:54:26'),(00033,0002,'COBERTOR TELA CON CARNERO GRUESO 5PCS CASA PANDA','1','CMAMANI','2020-09-29 22:29:14',NULL,'2020-10-19 23:54:26'),(00034,0002,'COBERTOR TELA CON CARNERO DELGADO ESCORPION','1','CMAMANI','2020-09-29 22:30:15',NULL,'2020-10-19 23:54:26'),(00035,0002,'SABANA ALGODON 1 1/2','1','CMAMANI','2020-09-29 22:35:21',NULL,'2020-10-19 23:54:26'),(00036,0002,'SABANA ALGODON 2 PLAZAS','1','CMAMANI','2020-09-29 22:36:41',NULL,'2020-10-19 23:54:26'),(00037,0002,'SABANA CAJA 2 PLAZAS','1','CMAMANI','2020-09-29 22:37:32',NULL,'2020-10-19 23:54:26'),(00038,0002,'SABANA BLANCA 1 1/2','1','CMAMANI','2020-09-29 22:39:03',NULL,'2020-10-19 23:54:26'),(00039,0002,'SABANA BRAMANTE','1','CMAMANI','2020-09-29 22:40:04',NULL,'2020-10-19 23:54:26'),(00040,0002,'SABANA BRAMANTE 2 PLAZAS','1','CMAMANI','2020-09-29 22:41:27',NULL,'2020-10-19 23:54:26'),(00041,0002,'FORRO DE COLCHON 1 1/2','1','CMAMANI','2020-09-29 22:46:38',NULL,'2020-10-19 23:54:26'),(00042,0002,'FORRO DE COLCHON 2 PLAZAS','1','CMAMANI','2020-09-29 22:47:29',NULL,'2020-10-19 23:54:26'),(00043,0002,'SABANA ECONOMICA NANCY','1','CMAMANI','2020-09-29 22:49:13',NULL,'2020-10-19 23:54:26'),(00044,0002,'COBERTOR DISNEY PIEL CON CARNERO','1','CMAMANI','2020-09-29 22:56:18',NULL,'2020-10-19 23:54:26'),(00045,0002,'COBERTOR POLAR CON POLAR','1','CMAMANI','2020-10-03 17:28:13',NULL,'2020-10-19 23:54:26'),(00046,0002,'SABANA DISNEY EN CAJA','1','CMAMANI','2020-10-03 17:42:23',NULL,'2020-10-19 23:54:26'),(00047,0002,'SABANA PELUCHE','1','CMAMANI','2020-10-03 17:47:45',NULL,'2020-10-19 23:54:26'),(00048,0002,'COBERTOR CALAMINA CON CARNERO','1','CMAMANI','2020-10-03 17:57:08',NULL,'2020-10-19 23:54:26'),(00049,0002,'EDREDON VERANO 7PCS ESCORPION','1','CMAMANI','2020-10-03 17:58:42',NULL,'2020-10-19 23:54:26'),(00082,0002,'SABANA POLAR ROJA','1','FLAURA','2020-10-15 20:33:11',NULL,'2020-10-19 23:54:26'),(00083,0002,'SABANA GUINDA','1','FLAURA','2020-10-18 22:55:58',NULL,'2020-10-19 23:54:26'),(00084,0002,'SABANA FUXIA','1','FLAURA','2020-10-18 22:55:58',NULL,'2020-10-19 23:54:26'),(00085,0002,'FRASADA ROJA','1','FLAURA','2020-10-18 23:02:17',NULL,'2020-10-19 23:54:26'),(00086,0002,'FRASADA ROJA','1','FLAURA','2020-10-18 23:05:44',NULL,'2020-10-19 23:54:26'),(00087,0002,'PELUCHE','1','FLAURA','2020-10-19 17:54:30','FLAURA','2020-10-19 23:54:26');

/*Table structure for table `kar_usuario` */

DROP TABLE IF EXISTS `kar_usuario`;

CREATE TABLE `kar_usuario` (
  `IDUSUARIO` char(30) COLLATE utf8_spanish2_ci NOT NULL,
  `CONTRASENIA` char(50) COLLATE utf8_spanish2_ci NOT NULL,
  `ESTADO` int(1) NOT NULL DEFAULT 1 COMMENT '1 ACTIVO / 0 INACTIVO',
  `IDPERSONA` int(4) unsigned zerofill NOT NULL,
  `IDPERFIL` int(2) unsigned zerofill DEFAULT NULL,
  `IDUSUARIOCREACION` char(30) COLLATE utf8_spanish2_ci NOT NULL,
  `FECHACREACION` datetime DEFAULT current_timestamp(),
  `IDUSUARIOMOD` char(30) COLLATE utf8_spanish2_ci DEFAULT NULL,
  `FECHAMOD` timestamp NOT NULL DEFAULT '0000-00-00 00:00:00' ON UPDATE current_timestamp(),
  PRIMARY KEY (`IDUSUARIO`),
  KEY `fk_idperfil` (`IDPERFIL`),
  KEY `IDPERSONA` (`IDPERSONA`),
  CONSTRAINT `kar_usuario_ibfk_1` FOREIGN KEY (`IDPERSONA`) REFERENCES `kar_persona` (`IDPERSONA`),
  CONSTRAINT `kar_usuario_ibfk_2` FOREIGN KEY (`IDPERFIL`) REFERENCES `seguridad_perfil` (`IDPERFIL`)
) ENGINE=InnoDB DEFAULT CHARSET=utf8 COLLATE=utf8_spanish2_ci;

/*Data for the table `kar_usuario` */

insert  into `kar_usuario`(`IDUSUARIO`,`CONTRASENIA`,`ESTADO`,`IDPERSONA`,`IDPERFIL`,`IDUSUARIOCREACION`,`FECHACREACION`,`IDUSUARIOMOD`,`FECHAMOD`) values ('CMAMANI','e1f62e3cdacb60537a660a436d9616d0549f66f4',1,0197,01,'FLAURA','2020-09-28 01:34:11','FLAURA','2020-09-28 01:34:44'),('FLAURA','458f4c520e432987bb4851036aa393ae26c8cba6',1,0106,01,'ADMIN','2020-09-13 00:15:05','FLAURA','2020-09-13 00:26:31'),('RTICLIA','a4ca05c428c63505b2eb852ea556598c10d51d8f',1,0198,05,'FLAURA','2020-09-28 10:03:27','FLAURA','2020-09-28 10:03:33'),('VENDEDOR','f84ae4782a61dc97f19accb967656c3225743d3a',1,0196,05,'FLAURA','2020-09-16 21:08:35','FLAURA','2020-09-27 20:40:20');

/*Table structure for table `kar_venta` */

DROP TABLE IF EXISTS `kar_venta`;

CREATE TABLE `kar_venta` (
  `nIDVENTA` int(10) unsigned zerofill NOT NULL AUTO_INCREMENT,
  `nIDLOCAL` int(4) unsigned zerofill NOT NULL,
  `nIDCLIENTE` int(7) unsigned zerofill NOT NULL,
  `dFECHAVENTA` datetime NOT NULL,
  `sOBSERVACION` mediumtext COLLATE utf8_spanish2_ci NOT NULL,
  `nESTADO` char(1) COLLATE utf8_spanish2_ci NOT NULL DEFAULT '1',
  `sIDUSUARIOCREACION` char(30) COLLATE utf8_spanish2_ci NOT NULL,
  `dFECHACREACION` datetime DEFAULT NULL,
  `sIDUSUARIOMOD` char(30) COLLATE utf8_spanish2_ci DEFAULT NULL,
  `dFECHAMOD` timestamp NOT NULL DEFAULT current_timestamp() ON UPDATE current_timestamp(),
  PRIMARY KEY (`nIDVENTA`),
  KEY `nIDLOCAL` (`nIDLOCAL`),
  KEY `nIDCLIENTE` (`nIDCLIENTE`),
  CONSTRAINT `kar_venta_ibfk_1` FOREIGN KEY (`nIDLOCAL`) REFERENCES `sel_local` (`nIDLOCAL`),
  CONSTRAINT `kar_venta_ibfk_2` FOREIGN KEY (`nIDCLIENTE`) REFERENCES `sel_cliente` (`nIDCLIENTE`)
) ENGINE=InnoDB AUTO_INCREMENT=26 DEFAULT CHARSET=utf8 COLLATE=utf8_spanish2_ci;

/*Data for the table `kar_venta` */

insert  into `kar_venta`(`nIDVENTA`,`nIDLOCAL`,`nIDCLIENTE`,`dFECHAVENTA`,`sOBSERVACION`,`nESTADO`,`sIDUSUARIOCREACION`,`dFECHACREACION`,`sIDUSUARIOMOD`,`dFECHAMOD`) values (0000000002,0002,0000002,'2020-10-21 01:10:16','CLIENTE GENERAL','1','FLAURA','2020-10-21 01:10:16',NULL,'2020-10-21 02:14:16'),(0000000003,0002,0000003,'2020-10-21 01:10:57','CLIENTE GENERAL','1','FLAURA','2020-10-21 01:10:57',NULL,'2020-10-21 02:14:58'),(0000000004,0002,0000004,'2020-10-21 01:10:04','fdsa','1','FLAURA','2020-10-21 01:10:04',NULL,'2020-10-21 02:23:04'),(0000000005,0002,0000005,'2020-10-21 16:10:07','CAR','1','FLAURA','2020-10-21 16:10:07',NULL,'2020-10-21 17:34:08'),(0000000006,0002,0000006,'2020-10-21 16:10:59','COMPRA 2','1','FLAURA','2020-10-21 16:10:59',NULL,'2020-10-21 17:40:00'),(0000000007,0002,0000007,'2020-10-21 16:10:57','Y NOS LIAMOS A PUÑETAZOS','1','FLAURA','2020-10-21 16:10:57',NULL,'2020-10-21 17:40:58'),(0000000008,0002,0000008,'2020-10-21 22:10:18','','1','FLAURA','2020-10-21 22:10:18',NULL,'2020-10-21 23:09:19'),(0000000009,0002,0000009,'2020-10-21 22:10:41','cagada','1','FLAURA','2020-10-21 22:10:41',NULL,'2020-10-21 23:10:43'),(0000000010,0002,0000010,'2020-10-21 22:10:05','','1','FLAURA','2020-10-21 22:10:05',NULL,'2020-10-21 23:11:07'),(0000000011,0002,0000011,'2020-10-21 22:10:57','','1','FLAURA','2020-10-21 22:10:57',NULL,'2020-10-21 23:11:58'),(0000000012,0002,0000001,'2020-10-21 22:10:23','123','1','FLAURA','2020-10-21 22:10:23',NULL,'2020-10-21 23:14:24'),(0000000013,0002,0000012,'2020-10-21 22:10:51','ASDF','1','FLAURA','2020-10-21 22:10:51',NULL,'2020-10-21 23:15:53'),(0000000014,0002,0000013,'2020-10-21 22:10:33','','1','FLAURA','2020-10-21 22:10:33',NULL,'2020-10-21 23:19:35'),(0000000015,0002,0000013,'2020-10-21 22:10:23','','1','FLAURA','2020-10-21 22:10:23',NULL,'2020-10-21 23:38:24'),(0000000016,0002,0000001,'2020-10-22 21:10:26','ddd','1','FLAURA','2020-10-22 21:10:26',NULL,'2020-10-22 22:53:26'),(0000000017,0002,0000001,'2020-10-22 22:10:26','ca','1','FLAURA','2020-10-22 22:10:26',NULL,'2020-10-22 23:01:26'),(0000000018,0002,0000001,'2020-10-22 22:10:23','dsa','1','FLAURA','2020-10-22 22:10:23',NULL,'2020-10-22 23:12:23'),(0000000019,0002,0000001,'2020-10-22 22:10:41','cca','1','FLAURA','2020-10-22 22:10:41',NULL,'2020-10-22 23:16:41'),(0000000020,0002,0000001,'2020-10-22 22:10:41','ca','1','FLAURA','2020-10-22 22:10:41',NULL,'2020-10-22 23:18:42'),(0000000021,0002,0000001,'2020-10-22 22:10:36','asd','1','FLAURA','2020-10-22 22:10:36',NULL,'2020-10-22 23:25:36'),(0000000022,0002,0000001,'2020-10-22 22:10:01','fdsa','1','FLAURA','2020-10-22 22:10:01',NULL,'2020-10-22 23:28:01'),(0000000023,0002,0000001,'2020-10-24 16:10:53','FDSA','1','FLAURA','2020-10-24 16:10:53',NULL,'2020-10-24 17:23:55'),(0000000024,0002,0000001,'2020-10-24 18:10:33','kjhgfds','1','FLAURA','2020-10-24 18:10:33',NULL,'2020-10-24 19:15:34'),(0000000025,0002,0000013,'2020-10-26 09:10:22','','1','FLAURA','2020-10-26 09:10:22',NULL,'2020-10-26 10:29:22');

/*Table structure for table `kar_venta_detalle` */

DROP TABLE IF EXISTS `kar_venta_detalle`;

CREATE TABLE `kar_venta_detalle` (
  `nIDVENTADETALLE` int(10) unsigned zerofill NOT NULL AUTO_INCREMENT,
  `nIDVENTA` int(10) unsigned zerofill NOT NULL,
  `nIDCOMPRADETALLE` int(10) unsigned zerofill NOT NULL,
  `nIDPRODUCTO` int(5) unsigned zerofill NOT NULL,
  `nCANTIDAD` char(10) COLLATE utf8_spanish2_ci NOT NULL,
  `fPRECIO` float NOT NULL,
  `nESTADO` int(1) NOT NULL DEFAULT 1,
  `sIDUSUARIOCREACION` char(30) COLLATE utf8_spanish2_ci NOT NULL,
  `dFECHACREACION` datetime DEFAULT current_timestamp(),
  `sIDUSUARIOMOD` char(30) COLLATE utf8_spanish2_ci DEFAULT NULL,
  `dFECHAMOD` timestamp NOT NULL DEFAULT '0000-00-00 00:00:00' ON UPDATE current_timestamp(),
  PRIMARY KEY (`nIDVENTADETALLE`),
  KEY `nIDVENTA` (`nIDVENTA`),
  CONSTRAINT `kar_venta_detalle_ibfk_1` FOREIGN KEY (`nIDVENTA`) REFERENCES `kar_venta` (`nIDVENTA`)
) ENGINE=InnoDB AUTO_INCREMENT=56 DEFAULT CHARSET=utf8 COLLATE=utf8_spanish2_ci;

/*Data for the table `kar_venta_detalle` */

insert  into `kar_venta_detalle`(`nIDVENTADETALLE`,`nIDVENTA`,`nIDCOMPRADETALLE`,`nIDPRODUCTO`,`nCANTIDAD`,`fPRECIO`,`nESTADO`,`sIDUSUARIOCREACION`,`dFECHACREACION`,`sIDUSUARIOMOD`,`dFECHAMOD`) values (0000000002,0000000002,0000000015,00012,'5',15,1,'FLAURA','2020-10-21 02:14:16',NULL,'2020-10-22 22:09:28'),(0000000004,0000000003,0000000015,00012,'5',15,1,'FLAURA','2020-10-21 02:14:58',NULL,'2020-10-22 22:09:37'),(0000000005,0000000004,0000000000,00014,'60',10,1,'FLAURA','2020-10-21 02:23:04',NULL,'0000-00-00 00:00:00'),(0000000006,0000000004,0000000000,00015,'09',10,1,'FLAURA','2020-10-21 02:23:04',NULL,'0000-00-00 00:00:00'),(0000000007,0000000005,0000000000,00013,'2',40,1,'FLAURA','2020-10-21 17:34:08',NULL,'0000-00-00 00:00:00'),(0000000008,0000000005,0000000000,00035,'2',20,1,'FLAURA','2020-10-21 17:34:09',NULL,'0000-00-00 00:00:00'),(0000000009,0000000005,0000000000,00044,'2',20,1,'FLAURA','2020-10-21 17:34:09',NULL,'0000-00-00 00:00:00'),(0000000010,0000000005,0000000000,00085,'2',20,1,'FLAURA','2020-10-21 17:34:09',NULL,'0000-00-00 00:00:00'),(0000000013,0000000006,0000000000,00013,'17',25,1,'FLAURA','2020-10-21 17:40:01',NULL,'0000-00-00 00:00:00'),(0000000014,0000000006,0000000000,00020,'1',25,1,'FLAURA','2020-10-21 17:40:01',NULL,'0000-00-00 00:00:00'),(0000000015,0000000006,0000000000,00021,'1',25,1,'FLAURA','2020-10-21 17:40:01',NULL,'0000-00-00 00:00:00'),(0000000016,0000000006,0000000000,00022,'11',33,1,'FLAURA','2020-10-21 17:40:01',NULL,'0000-00-00 00:00:00'),(0000000017,0000000006,0000000000,00026,'11',40,1,'FLAURA','2020-10-21 17:40:01',NULL,'0000-00-00 00:00:00'),(0000000018,0000000006,0000000000,00029,'2',30,1,'FLAURA','2020-10-21 17:40:01',NULL,'0000-00-00 00:00:00'),(0000000019,0000000006,0000000000,00030,'11',22,1,'FLAURA','2020-10-21 17:40:01',NULL,'0000-00-00 00:00:00'),(0000000022,0000000007,0000000000,00020,'5',25,3,'FLAURA','2020-10-21 17:40:58',NULL,'2020-10-21 23:31:30'),(0000000023,0000000007,0000000000,00021,'5',25,3,'FLAURA','2020-10-21 17:40:59',NULL,'2020-10-21 23:31:33'),(0000000024,0000000008,0000000000,00013,'80',50,1,'FLAURA','2020-10-21 23:09:20',NULL,'0000-00-00 00:00:00'),(0000000026,0000000010,0000000000,00013,'20',24.22,1,'FLAURA','2020-10-21 23:11:07',NULL,'0000-00-00 00:00:00'),(0000000027,0000000011,0000000000,00013,'50',50,1,'FLAURA','2020-10-21 23:11:58',NULL,'0000-00-00 00:00:00'),(0000000028,0000000012,0000000000,00013,'10',24.22,1,'FLAURA','2020-10-21 23:14:24',NULL,'0000-00-00 00:00:00'),(0000000030,0000000014,0000000000,00013,'30',30,1,'FLAURA','2020-10-21 23:19:35',NULL,'0000-00-00 00:00:00'),(0000000032,0000000016,0000000000,00015,'00012',0,1,'FLAURA','2020-10-22 22:53:27',NULL,'0000-00-00 00:00:00'),(0000000033,0000000016,0000000000,00055,'00012',0,1,'FLAURA','2020-10-22 22:53:27',NULL,'0000-00-00 00:00:00'),(0000000034,0000000016,0000000000,00059,'00012',0,1,'FLAURA','2020-10-22 22:53:27',NULL,'0000-00-00 00:00:00'),(0000000049,0000000022,0000000015,00012,'3',31.04,1,'FLAURA','2020-10-22 23:28:02',NULL,'0000-00-00 00:00:00'),(0000000050,0000000022,0000000055,00012,'16',31.04,1,'FLAURA','2020-10-22 23:28:02',NULL,'0000-00-00 00:00:00'),(0000000051,0000000022,0000000059,00012,'1',31.04,1,'FLAURA','2020-10-22 23:28:02',NULL,'0000-00-00 00:00:00'),(0000000052,0000000023,0000000059,00012,'10',31.04,1,'FLAURA','2020-10-24 17:23:55',NULL,'0000-00-00 00:00:00'),(0000000053,0000000024,0000000059,00012,'7',31.04,1,'FLAURA','2020-10-24 19:15:35',NULL,'0000-00-00 00:00:00'),(0000000054,0000000024,0000000061,00012,'3',31.04,1,'FLAURA','2020-10-24 19:15:35',NULL,'0000-00-00 00:00:00'),(0000000055,0000000025,0000000041,00014,'1',61,1,'FLAURA','2020-10-26 10:29:23',NULL,'0000-00-00 00:00:00');

/*Table structure for table `kar_venta_extorno` */

DROP TABLE IF EXISTS `kar_venta_extorno`;

CREATE TABLE `kar_venta_extorno` (
  `nIDEXTORNO` int(10) unsigned zerofill NOT NULL AUTO_INCREMENT,
  `nIDVENTA` int(10) unsigned zerofill NOT NULL,
  `sMOTIVO` mediumtext COLLATE utf8_spanish2_ci NOT NULL,
  `dFECHA_EXTORNO` datetime NOT NULL,
  `nESTADO` int(1) NOT NULL DEFAULT 1,
  `sIDUSUARIOCREACION` char(30) COLLATE utf8_spanish2_ci NOT NULL,
  `dFECHACREACION` datetime NOT NULL,
  `sIDUSUARIOMOD` char(30) COLLATE utf8_spanish2_ci DEFAULT NULL,
  `dFECHAMOD` timestamp NOT NULL DEFAULT current_timestamp() ON UPDATE current_timestamp(),
  PRIMARY KEY (`nIDEXTORNO`),
  KEY `nIDVENTA` (`nIDVENTA`),
  CONSTRAINT `kar_venta_extorno_ibfk_1` FOREIGN KEY (`nIDVENTA`) REFERENCES `kar_venta` (`nIDVENTA`)
) ENGINE=InnoDB DEFAULT CHARSET=utf8 COLLATE=utf8_spanish2_ci;

/*Data for the table `kar_venta_extorno` */

/*Table structure for table `kar_venta_pago` */

DROP TABLE IF EXISTS `kar_venta_pago`;

CREATE TABLE `kar_venta_pago` (
  `nIDVENTAPAGO` int(10) unsigned zerofill NOT NULL AUTO_INCREMENT,
  `nIDVENTA` int(10) unsigned zerofill NOT NULL,
  `nIDTIPOPAGO` int(2) unsigned zerofill NOT NULL,
  `fMONTO` float NOT NULL,
  `sCUENTA` char(100) COLLATE utf8_spanish2_ci NOT NULL,
  `nESTADO` int(1) NOT NULL,
  `sIDUSUARIOCREACION` char(30) COLLATE utf8_spanish2_ci NOT NULL,
  `dFECHACREACION` datetime NOT NULL,
  `sIDUSUARIOMOD` char(30) COLLATE utf8_spanish2_ci DEFAULT NULL,
  `dFECHAMOD` timestamp NOT NULL DEFAULT current_timestamp() ON UPDATE current_timestamp(),
  PRIMARY KEY (`nIDVENTAPAGO`),
  KEY `nIDVENTA` (`nIDVENTA`),
  KEY `nIDTIPOPAGO` (`nIDTIPOPAGO`),
  CONSTRAINT `kar_venta_pago_ibfk_1` FOREIGN KEY (`nIDVENTA`) REFERENCES `kar_venta` (`nIDVENTA`),
  CONSTRAINT `kar_venta_pago_ibfk_2` FOREIGN KEY (`nIDTIPOPAGO`) REFERENCES `sel_tipopago` (`nIDTIPOPAGO`)
) ENGINE=InnoDB AUTO_INCREMENT=26 DEFAULT CHARSET=utf8 COLLATE=utf8_spanish2_ci;

/*Data for the table `kar_venta_pago` */

insert  into `kar_venta_pago`(`nIDVENTAPAGO`,`nIDVENTA`,`nIDTIPOPAGO`,`fMONTO`,`sCUENTA`,`nESTADO`,`sIDUSUARIOCREACION`,`dFECHACREACION`,`sIDUSUARIOMOD`,`dFECHAMOD`) values (0000000001,0000000003,02,300,'0004',0,'FLAURA','2020-10-21 01:10:58',NULL,'2020-10-21 02:14:58'),(0000000002,0000000004,01,300,'7',0,'FLAURA','2020-10-21 01:10:04',NULL,'2020-10-21 02:23:05'),(0000000003,0000000004,02,390,'8',0,'FLAURA','2020-10-21 01:10:04',NULL,'2020-10-21 02:23:05'),(0000000004,0000000005,01,240,'9',0,'FLAURA','2020-10-21 16:10:08',NULL,'2020-10-21 17:34:10'),(0000000005,0000000006,01,2240,'10',0,'FLAURA','2020-10-21 16:10:01',NULL,'2020-10-21 17:40:02'),(0000000006,0000000007,02,2500,'0008',0,'FLAURA','2020-10-21 16:10:58',NULL,'2020-10-21 17:40:59'),(0000000007,0000000008,01,4000,'11',0,'FLAURA','2020-10-21 22:10:19',NULL,'2020-10-21 23:09:20'),(0000000008,0000000009,01,2483.2,'12',0,'FLAURA','2020-10-21 22:10:42',NULL,'2020-10-21 23:10:43'),(0000000009,0000000010,01,484.4,'13',0,'FLAURA','2020-10-21 22:10:06',NULL,'2020-10-21 23:11:07'),(0000000010,0000000011,01,2500,'14',0,'FLAURA','2020-10-21 22:10:57',NULL,'2020-10-21 23:11:59'),(0000000011,0000000012,01,242.2,'15',0,'FLAURA','2020-10-21 22:10:23',NULL,'2020-10-21 23:14:25'),(0000000012,0000000013,01,3104,'16',0,'FLAURA','2020-10-21 22:10:52',NULL,'2020-10-21 23:15:53'),(0000000013,0000000014,01,900,'17',0,'FLAURA','2020-10-21 22:10:34',NULL,'2020-10-21 23:19:35'),(0000000014,0000000015,02,2000,'0008',0,'FLAURA','2020-10-21 22:10:23',NULL,'2020-10-21 23:38:25'),(0000000015,0000000015,02,1000,'0008',0,'FLAURA','2020-10-21 22:10:24',NULL,'2020-10-21 23:38:25'),(0000000016,0000000016,01,620.8,'18',0,'FLAURA','2020-10-22 21:10:27',NULL,'2020-10-22 22:53:27'),(0000000017,0000000017,01,620.8,'19',0,'FLAURA','2020-10-22 22:10:26',NULL,'2020-10-22 23:01:27'),(0000000018,0000000018,01,620.8,'20',0,'FLAURA','2020-10-22 22:10:24',NULL,'2020-10-22 23:12:24'),(0000000019,0000000019,01,620.8,'21',0,'FLAURA','2020-10-22 22:10:42',NULL,'2020-10-22 23:16:42'),(0000000020,0000000020,01,620.8,'22',0,'FLAURA','2020-10-22 22:10:42',NULL,'2020-10-22 23:18:43'),(0000000021,0000000021,01,620.8,'23',0,'FLAURA','2020-10-22 22:10:37',NULL,'2020-10-22 23:25:37'),(0000000022,0000000022,01,620.8,'24',0,'FLAURA','2020-10-22 22:10:02',NULL,'2020-10-22 23:28:02'),(0000000023,0000000023,01,310.4,'25',0,'FLAURA','2020-10-24 16:10:54',NULL,'2020-10-24 17:23:55'),(0000000024,0000000024,01,310.4,'26',0,'FLAURA','2020-10-24 18:10:34',NULL,'2020-10-24 19:15:35'),(0000000025,0000000025,01,61,'27',0,'FLAURA','2020-10-26 09:10:22',NULL,'2020-10-26 10:29:23');

/*Table structure for table `seguridad_modulo` */

DROP TABLE IF EXISTS `seguridad_modulo`;

CREATE TABLE `seguridad_modulo` (
  `IDMODULO` int(2) unsigned zerofill NOT NULL AUTO_INCREMENT,
  `NOMBRE_MODULO` char(30) COLLATE utf8_spanish2_ci NOT NULL,
  `DESCRIPCION` char(50) COLLATE utf8_spanish2_ci NOT NULL,
  `TIPO` char(20) COLLATE utf8_spanish2_ci NOT NULL,
  `UBICACION` char(50) COLLATE utf8_spanish2_ci NOT NULL,
  `nIDLOCAL` int(4) unsigned zerofill DEFAULT NULL,
  `FLAG` int(1) NOT NULL DEFAULT 1 COMMENT '1 -> ACTIVO / 0->INACTIVO',
  `FECHAMOD` timestamp NOT NULL DEFAULT current_timestamp() ON UPDATE current_timestamp(),
  PRIMARY KEY (`IDMODULO`),
  KEY `nIDLOCAL` (`nIDLOCAL`),
  CONSTRAINT `seguridad_modulo_ibfk_1` FOREIGN KEY (`nIDLOCAL`) REFERENCES `sel_local` (`nIDLOCAL`)
) ENGINE=InnoDB AUTO_INCREMENT=15 DEFAULT CHARSET=utf8 COLLATE=utf8_spanish2_ci;

/*Data for the table `seguridad_modulo` */

insert  into `seguridad_modulo`(`IDMODULO`,`NOMBRE_MODULO`,`DESCRIPCION`,`TIPO`,`UBICACION`,`nIDLOCAL`,`FLAG`,`FECHAMOD`) values (01,'MENU_PANEL','Inicio','MENU_PAN','panel',0003,1,'2020-10-19 23:16:16'),(02,'MENU_SEGURIDAD','Control de Acceso','MENU_SEG','usuario',0003,1,'2020-10-19 23:16:17'),(10,'MENU_COMPRA','Compra de Producto','MENU_TIENDA_1','compra',0002,1,'2020-10-19 23:15:19'),(11,'MENU_CATALOGO','Catalogo de Productos','MENU_TIENDA_1','catalogo',0002,1,'2020-10-19 23:15:23'),(12,'MENU_VENTAS','Registro de Ventas','MENU_TIENDA_1','venta',0002,1,'2020-10-19 23:15:27'),(13,'MENU_REPORTES','Reportes','MENU_TIENDA_1','reporte',0002,1,'2020-10-19 23:15:24'),(14,'MENU_ANULACION','Anulacion de Compra','MENU_TIENDA_1','anulacion',0002,1,'2020-10-19 23:15:30');

/*Table structure for table `seguridad_modulo_perfil` */

DROP TABLE IF EXISTS `seguridad_modulo_perfil`;

CREATE TABLE `seguridad_modulo_perfil` (
  `IDDETALLE` int(4) unsigned zerofill NOT NULL AUTO_INCREMENT,
  `IDMODULO` int(2) unsigned zerofill NOT NULL,
  `IDPERFIL` int(2) unsigned zerofill NOT NULL,
  `PERMISO` int(1) NOT NULL,
  `FECHAMOD` timestamp NOT NULL DEFAULT current_timestamp() ON UPDATE current_timestamp(),
  PRIMARY KEY (`IDDETALLE`),
  KEY `seguridad_modulo_perfil_ibfk_1` (`IDMODULO`),
  KEY `seguridad_modulo_perfil_ibfk_2` (`IDPERFIL`),
  CONSTRAINT `seguridad_modulo_perfil_ibfk_1` FOREIGN KEY (`IDMODULO`) REFERENCES `seguridad_modulo` (`IDMODULO`),
  CONSTRAINT `seguridad_modulo_perfil_ibfk_2` FOREIGN KEY (`IDPERFIL`) REFERENCES `seguridad_perfil` (`IDPERFIL`)
) ENGINE=InnoDB AUTO_INCREMENT=115 DEFAULT CHARSET=utf8;

/*Data for the table `seguridad_modulo_perfil` */

insert  into `seguridad_modulo_perfil`(`IDDETALLE`,`IDMODULO`,`IDPERFIL`,`PERMISO`,`FECHAMOD`) values (0105,01,05,0,'2020-09-27 20:40:28'),(0106,11,05,0,'2020-09-27 20:40:28'),(0107,12,05,0,'2020-09-27 20:40:28'),(0108,01,01,0,'2020-10-18 20:33:59'),(0109,02,01,0,'2020-10-18 20:33:59'),(0110,10,01,0,'2020-10-18 20:33:59'),(0111,11,01,0,'2020-10-18 20:33:59'),(0112,12,01,0,'2020-10-18 20:33:59'),(0113,13,01,0,'2020-10-18 20:33:59'),(0114,14,01,0,'2020-10-18 20:34:00');

/*Table structure for table `seguridad_perfil` */

DROP TABLE IF EXISTS `seguridad_perfil`;

CREATE TABLE `seguridad_perfil` (
  `IDPERFIL` int(2) unsigned zerofill NOT NULL AUTO_INCREMENT,
  `NOMBRE_PERFIL` char(30) CHARACTER SET utf8 COLLATE utf8_spanish2_ci NOT NULL,
  `FLAG` int(1) NOT NULL DEFAULT 1,
  `IDUSUARIOCREACION` char(30) CHARACTER SET utf8 COLLATE utf8_spanish2_ci NOT NULL,
  `FECHACREACION` timestamp NOT NULL DEFAULT current_timestamp(),
  `IDUSUARIOMOD` char(30) CHARACTER SET utf8 COLLATE utf8_spanish2_ci NOT NULL,
  `FECHAMOD` timestamp NOT NULL DEFAULT current_timestamp() ON UPDATE current_timestamp(),
  PRIMARY KEY (`IDPERFIL`)
) ENGINE=InnoDB AUTO_INCREMENT=7 DEFAULT CHARSET=utf8;

/*Data for the table `seguridad_perfil` */

insert  into `seguridad_perfil`(`IDPERFIL`,`NOMBRE_PERFIL`,`FLAG`,`IDUSUARIOCREACION`,`FECHACREACION`,`IDUSUARIOMOD`,`FECHAMOD`) values (01,'ADMINISTRADOR',1,'','2018-04-05 17:32:48','FLAURA','2018-04-10 14:49:05'),(05,'VENDEDOR',1,'','2020-09-13 12:50:30','','2020-09-13 12:50:30');

/*Table structure for table `sel_cliente` */

DROP TABLE IF EXISTS `sel_cliente`;

CREATE TABLE `sel_cliente` (
  `nIDCLIENTE` int(7) unsigned zerofill NOT NULL AUTO_INCREMENT,
  `sDESCRIPCION` char(100) COLLATE utf8_spanish2_ci NOT NULL,
  `nESTADO` int(1) NOT NULL DEFAULT 1,
  `sIDUSUARIOCREACION` char(30) COLLATE utf8_spanish2_ci NOT NULL,
  `dFECHACREACION` datetime NOT NULL,
  `sIDUSUARIOMOD` char(30) COLLATE utf8_spanish2_ci DEFAULT NULL,
  `dFECHAMOD` timestamp NOT NULL DEFAULT current_timestamp() ON UPDATE current_timestamp(),
  PRIMARY KEY (`nIDCLIENTE`)
) ENGINE=InnoDB AUTO_INCREMENT=14 DEFAULT CHARSET=utf8 COLLATE=utf8_spanish2_ci;

/*Data for the table `sel_cliente` */

insert  into `sel_cliente`(`nIDCLIENTE`,`sDESCRIPCION`,`nESTADO`,`sIDUSUARIOCREACION`,`dFECHACREACION`,`sIDUSUARIOMOD`,`dFECHAMOD`) values (0000001,'CLIENTE GENERAL',1,'FLAURA','2020-10-21 00:10:36',NULL,'2020-10-21 01:47:36'),(0000002,'CLIENTE GENERAL',1,'FLAURA','2020-10-21 01:10:16',NULL,'2020-10-21 02:14:16'),(0000003,'CLIENTE GENERAL',1,'FLAURA','2020-10-21 01:10:57',NULL,'2020-10-21 02:14:57'),(0000004,'',1,'FLAURA','2020-10-21 01:10:03',NULL,'2020-10-21 02:23:04'),(0000005,'',1,'FLAURA','2020-10-21 16:10:07',NULL,'2020-10-21 17:34:08'),(0000006,'',1,'FLAURA','2020-10-21 16:10:59',NULL,'2020-10-21 17:40:00'),(0000007,'',1,'FLAURA','2020-10-21 16:10:57',NULL,'2020-10-21 17:40:58'),(0000008,'',1,'FLAURA','2020-10-21 22:10:18',NULL,'2020-10-21 23:09:19'),(0000009,'',1,'FLAURA','2020-10-21 22:10:41',NULL,'2020-10-21 23:10:42'),(0000010,'',1,'FLAURA','2020-10-21 22:10:05',NULL,'2020-10-21 23:11:07'),(0000011,'',1,'FLAURA','2020-10-21 22:10:57',NULL,'2020-10-21 23:11:58'),(0000012,'SINCERO',1,'FLAURA','2020-10-21 22:10:51',NULL,'2020-10-21 23:15:52'),(0000013,'parcero',1,'FLAURA','2020-10-21 22:10:33',NULL,'2020-10-21 23:19:35');

/*Table structure for table `sel_cuenta` */

DROP TABLE IF EXISTS `sel_cuenta`;

CREATE TABLE `sel_cuenta` (
  `nIDCUENTA` int(4) unsigned zerofill NOT NULL AUTO_INCREMENT,
  `sDESCRIPCION` varchar(50) CHARACTER SET utf8 COLLATE utf8_unicode_ci DEFAULT NULL,
  `nESTADO` int(2) DEFAULT 1,
  `dFECHACREACION` timestamp NULL DEFAULT current_timestamp(),
  PRIMARY KEY (`nIDCUENTA`)
) ENGINE=InnoDB AUTO_INCREMENT=28 DEFAULT CHARSET=utf8 COLLATE=utf8_spanish2_ci;

/*Data for the table `sel_cuenta` */

insert  into `sel_cuenta`(`nIDCUENTA`,`sDESCRIPCION`,`nESTADO`,`dFECHACREACION`) values (0001,'0000000000000000',1,'2020-10-20 21:38:31'),(0002,'000000000000001',1,'2020-10-20 22:03:27'),(0003,'00000000000000001',1,'2020-10-20 22:08:15'),(0004,'1111222244445555',1,'2020-10-20 22:09:19'),(0005,'',1,'2020-10-21 01:18:45'),(0006,'',1,'2020-10-21 01:18:46'),(0007,'',1,'2020-10-21 02:23:04'),(0008,'55556666777788889999',1,'2020-10-21 02:23:05'),(0009,'',1,'2020-10-21 17:34:09'),(0010,'',1,'2020-10-21 17:40:02'),(0011,'',1,'2020-10-21 23:09:20'),(0012,'',1,'2020-10-21 23:10:43'),(0013,'',1,'2020-10-21 23:11:07'),(0014,'',1,'2020-10-21 23:11:59'),(0015,'',1,'2020-10-21 23:14:25'),(0016,'',1,'2020-10-21 23:15:53'),(0017,'',1,'2020-10-21 23:19:35'),(0018,'',1,'2020-10-22 22:53:27'),(0019,'',1,'2020-10-22 23:01:27'),(0020,'',1,'2020-10-22 23:12:24'),(0021,'',1,'2020-10-22 23:16:42'),(0022,'',1,'2020-10-22 23:18:43'),(0023,'',1,'2020-10-22 23:25:37'),(0024,'',1,'2020-10-22 23:28:02'),(0025,'',1,'2020-10-24 17:23:55'),(0026,'',1,'2020-10-24 19:15:35'),(0027,'',1,'2020-10-26 10:29:23');

/*Table structure for table `sel_estado` */

DROP TABLE IF EXISTS `sel_estado`;

CREATE TABLE `sel_estado` (
  `nIDESTADO` int(20) NOT NULL AUTO_INCREMENT,
  `sDESCRIPCION` varchar(20) COLLATE utf8_unicode_ci DEFAULT NULL,
  `dFECHACREACION` timestamp NULL DEFAULT current_timestamp(),
  PRIMARY KEY (`nIDESTADO`)
) ENGINE=InnoDB AUTO_INCREMENT=5 DEFAULT CHARSET=utf8 COLLATE=utf8_unicode_ci;

/*Data for the table `sel_estado` */

insert  into `sel_estado`(`nIDESTADO`,`sDESCRIPCION`,`dFECHACREACION`) values (1,'ACTIVO','2020-10-15 17:07:10'),(2,'INACTIVO','2020-10-15 17:07:15'),(3,'ANULADO','2020-10-15 17:07:18'),(4,'EXTORNADO','2020-10-15 17:07:20');

/*Table structure for table `sel_local` */

DROP TABLE IF EXISTS `sel_local`;

CREATE TABLE `sel_local` (
  `nIDLOCAL` int(4) unsigned zerofill NOT NULL AUTO_INCREMENT,
  `sDESCRIPCION` char(100) COLLATE utf8_spanish2_ci NOT NULL,
  `nESTADO` int(1) NOT NULL DEFAULT 1,
  `sIDUSUARIOCREACION` char(30) COLLATE utf8_spanish2_ci NOT NULL,
  `dFECHACREACION` datetime DEFAULT current_timestamp(),
  `sIDUSUARIOMOD` char(30) COLLATE utf8_spanish2_ci DEFAULT NULL,
  `dFECHAMOD` timestamp NOT NULL DEFAULT '0000-00-00 00:00:00' ON UPDATE current_timestamp(),
  PRIMARY KEY (`nIDLOCAL`)
) ENGINE=InnoDB AUTO_INCREMENT=4 DEFAULT CHARSET=utf8 COLLATE=utf8_spanish2_ci;

/*Data for the table `sel_local` */

insert  into `sel_local`(`nIDLOCAL`,`sDESCRIPCION`,`nESTADO`,`sIDUSUARIOCREACION`,`dFECHACREACION`,`sIDUSUARIOMOD`,`dFECHAMOD`) values (0002,'Tienda',1,'FLAURA','2020-10-19 22:41:58',NULL,'2020-10-19 22:42:07'),(0003,'Todos',1,'FLAURA','2020-10-19 23:15:54',NULL,'2020-10-19 23:16:00');

/*Table structure for table `sel_proveedor` */

DROP TABLE IF EXISTS `sel_proveedor`;

CREATE TABLE `sel_proveedor` (
  `nIDPROVEEDOR` int(4) unsigned zerofill NOT NULL AUTO_INCREMENT,
  `sDESCRIPCION` varchar(50) COLLATE utf8_unicode_ci DEFAULT NULL,
  `nESTADO` int(2) DEFAULT 1,
  `dFECHACREACION` timestamp NULL DEFAULT current_timestamp(),
  PRIMARY KEY (`nIDPROVEEDOR`)
) ENGINE=InnoDB AUTO_INCREMENT=16 DEFAULT CHARSET=utf8 COLLATE=utf8_unicode_ci;

/*Data for the table `sel_proveedor` */

insert  into `sel_proveedor`(`nIDPROVEEDOR`,`sDESCRIPCION`,`nESTADO`,`dFECHACREACION`) values (0001,'PROVEEDOR GENERAL',1,'2020-10-15 15:11:04'),(0002,'CARREFOUR NORTE',1,'2020-10-15 15:54:27'),(0007,'CARREFOUR SUR',1,'2020-10-15 20:33:10'),(0008,'FRANK',1,'2020-10-18 19:51:52'),(0009,'RUBEN',1,'2020-10-18 19:58:49'),(0010,'RUBEN',1,'2020-10-18 20:01:21'),(0011,'FRANK LAURA',1,'2020-10-18 22:55:58'),(0012,'frank laura',1,'2020-10-18 23:02:16'),(0013,'frank laura',1,'2020-10-18 23:05:43'),(0014,'IMPORTADORA',1,'2020-10-18 23:33:13'),(0015,'SIN ASIGNAR',1,'2020-10-18 23:35:07');

/*Table structure for table `sel_tipopago` */

DROP TABLE IF EXISTS `sel_tipopago`;

CREATE TABLE `sel_tipopago` (
  `nIDTIPOPAGO` int(2) unsigned zerofill NOT NULL AUTO_INCREMENT,
  `sDESCRIPCION` char(20) COLLATE utf8_spanish2_ci DEFAULT NULL,
  PRIMARY KEY (`nIDTIPOPAGO`)
) ENGINE=InnoDB AUTO_INCREMENT=3 DEFAULT CHARSET=utf8 COLLATE=utf8_spanish2_ci;

/*Data for the table `sel_tipopago` */

insert  into `sel_tipopago`(`nIDTIPOPAGO`,`sDESCRIPCION`) values (01,'EFECTIVO'),(02,'DEPOSITO');

/*Table structure for table `vw_sel_productos_stock` */

DROP TABLE IF EXISTS `vw_sel_productos_stock`;

/*!50001 DROP VIEW IF EXISTS `vw_sel_productos_stock` */;
/*!50001 DROP TABLE IF EXISTS `vw_sel_productos_stock` */;

/*!50001 CREATE TABLE  `vw_sel_productos_stock`(
 `nIDPRODUCTO` int(5) unsigned zerofill ,
 `sNOMBRE` char(150) ,
 `nCANTIDAD` double 
)*/;

/*View structure for view vw_sel_productos_stock */

/*!50001 DROP TABLE IF EXISTS `vw_sel_productos_stock` */;
/*!50001 DROP VIEW IF EXISTS `vw_sel_productos_stock` */;

/*!50001 CREATE ALGORITHM=UNDEFINED DEFINER=`fzbsokgg_user_tauro`@`179.6.222.%` SQL SECURITY DEFINER VIEW `vw_sel_productos_stock` AS select `az`.`nIDPRODUCTO` AS `nIDPRODUCTO`,`az`.`sNOMBRE` AS `sNOMBRE`,`az`.`nCANTIDAD` AS `nCANTIDAD` from (select `a`.`nIDPRODUCTO` AS `nIDPRODUCTO`,`a`.`sNOMBRE` AS `sNOMBRE`,(select sum(`b`.`nCANTIDAD`) AS `nCANTIDAD` from `fzbsokgg_tauro_kardex_v2`.`kar_compra_detalle` `b` where `a`.`nIDPRODUCTO` = `b`.`nIDPRODUCTO`) - (select case when sum(`c`.`nCANTIDAD`) is not null then sum(`c`.`nCANTIDAD`) else 0 end AS `ventas` from `fzbsokgg_tauro_kardex_v2`.`kar_venta_detalle` `c` where `a`.`nIDPRODUCTO` = `c`.`nIDPRODUCTO`) AS `nCANTIDAD` from `fzbsokgg_tauro_kardex_v2`.`kar_producto` `a` where `a`.`nESTADO` = 1 group by `a`.`nIDPRODUCTO`) `az` where `az`.`nCANTIDAD` > 0 */;

/*!40101 SET SQL_MODE=@OLD_SQL_MODE */;
/*!40014 SET FOREIGN_KEY_CHECKS=@OLD_FOREIGN_KEY_CHECKS */;
/*!40014 SET UNIQUE_CHECKS=@OLD_UNIQUE_CHECKS */;
/*!40111 SET SQL_NOTES=@OLD_SQL_NOTES */;
