/*
SQLyog Ultimate v10.3 
MySQL - 5.5.5-10.1.40-MariaDB : Database - kardex
*********************************************************************
*/

/*!40101 SET NAMES utf8 */;

/*!40101 SET SQL_MODE=''*/;

/*!40014 SET @OLD_UNIQUE_CHECKS=@@UNIQUE_CHECKS, UNIQUE_CHECKS=0 */;
/*!40014 SET @OLD_FOREIGN_KEY_CHECKS=@@FOREIGN_KEY_CHECKS, FOREIGN_KEY_CHECKS=0 */;
/*!40101 SET @OLD_SQL_MODE=@@SQL_MODE, SQL_MODE='NO_AUTO_VALUE_ON_ZERO' */;
/*!40111 SET @OLD_SQL_NOTES=@@SQL_NOTES, SQL_NOTES=0 */;
CREATE DATABASE /*!32312 IF NOT EXISTS*/`kardex` /*!40100 DEFAULT CHARACTER SET utf8 COLLATE utf8_spanish2_ci */;

USE `kardex`;

/*Table structure for table `kar_persona` */

DROP TABLE IF EXISTS `kar_persona`;

CREATE TABLE `kar_persona` (
  `IDPERSONA` int(4) unsigned zerofill NOT NULL AUTO_INCREMENT,
  `NOMBRE` char(30) COLLATE utf8_spanish2_ci NOT NULL,
  `AP_PATERNO` char(30) COLLATE utf8_spanish2_ci NOT NULL,
  `AP_MATERNO` char(30) COLLATE utf8_spanish2_ci NOT NULL,
  `NUMERODOC` int(8) NOT NULL,
  `CORREO` char(30) COLLATE utf8_spanish2_ci NOT NULL,
  `TELEFONO` int(9) NOT NULL,
  `TIPOPERSONA` char(4) COLLATE utf8_spanish2_ci NOT NULL DEFAULT 'PERS' COMMENT 'PER PERSONAL / USER USUARIO',
  `ESTADO` char(1) COLLATE utf8_spanish2_ci NOT NULL DEFAULT '1' COMMENT '1 SI / 0 NO',
  `IDUSUARIOCREACION` char(30) COLLATE utf8_spanish2_ci NOT NULL,
  `FECHACREACION` datetime NOT NULL DEFAULT CURRENT_TIMESTAMP,
  `IDUSUARIOMOD` char(30) COLLATE utf8_spanish2_ci NOT NULL,
  `FECHAMOD` timestamp NOT NULL DEFAULT CURRENT_TIMESTAMP ON UPDATE CURRENT_TIMESTAMP,
  PRIMARY KEY (`IDPERSONA`,`TIPOPERSONA`)
) ENGINE=InnoDB AUTO_INCREMENT=196 DEFAULT CHARSET=utf8 COLLATE=utf8_spanish2_ci;

/*Data for the table `kar_persona` */

insert  into `kar_persona`(`IDPERSONA`,`NOMBRE`,`AP_PATERNO`,`AP_MATERNO`,`NUMERODOC`,`CORREO`,`TELEFONO`,`TIPOPERSONA`,`ESTADO`,`IDUSUARIOCREACION`,`FECHACREACION`,`IDUSUARIOMOD`,`FECHAMOD`) values (0106,'FRANK','LAURA','BORJA',73191639,'FRANK.CG9@GMAIL.COM',993690057,'USER','1','FLAURA','2018-04-02 00:00:00','','2018-05-01 13:09:57'),(0194,'NAYSHA','AYALA','GOMERO',75757576,'',0,'USER','1','FLAURA','2020-09-13 00:32:40','','2020-09-13 00:32:40'),(0195,'RENE','LAURA','QUISPE',25732120,'',0,'USER','1','FLAURA','2020-09-13 12:50:53','','2020-09-13 12:50:53');

/*Table structure for table `kar_producto` */

DROP TABLE IF EXISTS `kar_producto`;

CREATE TABLE `kar_producto` (
  `IDPRODUCTO` int(4) unsigned zerofill NOT NULL AUTO_INCREMENT,
  `NOMBRE` char(150) COLLATE utf8_spanish2_ci NOT NULL,
  `ESTADO` char(1) COLLATE utf8_spanish2_ci NOT NULL DEFAULT '1' COMMENT '1 SI / 0 NO',
  `IDUSUARIOCREACION` char(30) COLLATE utf8_spanish2_ci NOT NULL,
  `FECHACREACION` datetime NOT NULL,
  `IDUSUARIOMOD` char(30) COLLATE utf8_spanish2_ci NOT NULL,
  `FECHAMOD` timestamp NOT NULL DEFAULT CURRENT_TIMESTAMP,
  PRIMARY KEY (`IDPRODUCTO`)
) ENGINE=InnoDB AUTO_INCREMENT=8 DEFAULT CHARSET=utf8 COLLATE=utf8_spanish2_ci;

/*Data for the table `kar_producto` */

insert  into `kar_producto`(`IDPRODUCTO`,`NOMBRE`,`ESTADO`,`IDUSUARIOCREACION`,`FECHACREACION`,`IDUSUARIOMOD`,`FECHAMOD`) values (0001,'ALMOHADA','1','FLAURA','2020-09-13 01:18:02','FLAURA','2020-09-13 01:18:06'),(0002,'TARIMA','1','FLAURA','2020-09-13 12:53:16','','2020-09-13 12:54:14'),(0003,'TV','1','FLAURA','0000-00-00 00:00:00','FLAURA','2020-09-13 15:15:27'),(0005,'COLCHON','1','FLAURA','0000-00-00 00:00:00','','2020-09-13 20:22:50'),(0006,'CAMA','1','FLAURA','0000-00-00 00:00:00','','2020-09-14 00:08:41'),(0007,'SABANA','1','FLAURA','0000-00-00 00:00:00','','2020-09-14 01:00:51');

/*Table structure for table `kar_producto_detalle` */

DROP TABLE IF EXISTS `kar_producto_detalle`;

CREATE TABLE `kar_producto_detalle` (
  `IDPRODUCTODETALLE` int(4) unsigned zerofill NOT NULL AUTO_INCREMENT,
  `IDPRODUCTO` int(4) unsigned zerofill NOT NULL,
  `MARCA` char(100) COLLATE utf8_spanish2_ci NOT NULL,
  `MODELO` char(100) COLLATE utf8_spanish2_ci NOT NULL,
  `DESCRIPCION` mediumtext COLLATE utf8_spanish2_ci,
  `ESTADO` char(1) COLLATE utf8_spanish2_ci NOT NULL DEFAULT '1',
  `IDUSUARIOCREACION` char(30) COLLATE utf8_spanish2_ci NOT NULL,
  `FECHACREACION` datetime DEFAULT CURRENT_TIMESTAMP,
  `IDUSUARIOMOD` char(30) COLLATE utf8_spanish2_ci DEFAULT NULL,
  `FECHAMOD` timestamp NOT NULL DEFAULT '0000-00-00 00:00:00' ON UPDATE CURRENT_TIMESTAMP,
  PRIMARY KEY (`IDPRODUCTODETALLE`),
  KEY `IDPRODUCTO` (`IDPRODUCTO`),
  CONSTRAINT `kar_producto_detalle_ibfk_1` FOREIGN KEY (`IDPRODUCTO`) REFERENCES `kar_producto` (`IDPRODUCTO`)
) ENGINE=InnoDB AUTO_INCREMENT=16 DEFAULT CHARSET=utf8 COLLATE=utf8_spanish2_ci;

/*Data for the table `kar_producto_detalle` */

insert  into `kar_producto_detalle`(`IDPRODUCTODETALLE`,`IDPRODUCTO`,`MARCA`,`MODELO`,`DESCRIPCION`,`ESTADO`,`IDUSUARIOCREACION`,`FECHACREACION`,`IDUSUARIOMOD`,`FECHAMOD`) values (0009,0001,'456','456','456','1','FLAURA','2020-09-13 17:09:11','FLAURA','2020-09-13 18:01:12'),(0010,0003,'123','123','123','1','FLAURA','2020-09-13 17:50:19','FLAURA','2020-09-13 18:00:41'),(0011,0005,'PARAISO','2 PLAZAS','ESTO ES UNA DESCRIPCION DEL COLCHON PARAISO - 2 PLAZAS','1','FLAURA','2020-09-13 20:22:50',NULL,'0000-00-00 00:00:00'),(0012,0005,'PARAISO','1 PLAZA','ESTO ES UNA DESCRIPCION DEL COLCHON PARAISO 1 PLAZA','1','FLAURA','2020-09-13 20:23:15',NULL,'0000-00-00 00:00:00'),(0013,0005,'ROSEN','1 PLAZA','ESTO ES UNA DESCRIPCION DEL COLCHON ROSEN - 1 PLAZA','1','FLAURA','2020-09-13 20:23:39',NULL,'0000-00-00 00:00:00'),(0014,0006,'PARAISO','QUEEN','','1','FLAURA','2020-09-14 00:08:41',NULL,'0000-00-00 00:00:00'),(0015,0007,'SYSNEY','V2585','ESTO ES UNA SABANA','1','FLAURA','2020-09-14 01:00:51',NULL,'0000-00-00 00:00:00');

/*Table structure for table `kar_stock` */

DROP TABLE IF EXISTS `kar_stock`;

CREATE TABLE `kar_stock` (
  `IDSTOCK` int(4) unsigned zerofill NOT NULL AUTO_INCREMENT,
  `IDPRODUCTO` int(4) unsigned zerofill NOT NULL,
  `IDPRODUCTODETALLE` int(4) unsigned zerofill NOT NULL,
  `CANTIDAD` char(10) COLLATE utf8_spanish2_ci NOT NULL,
  `PRECIO_VENTA` char(15) COLLATE utf8_spanish2_ci NOT NULL,
  `INVERSION` char(15) COLLATE utf8_spanish2_ci DEFAULT NULL,
  `OBSERVACION` mediumtext COLLATE utf8_spanish2_ci,
  `ESTADO` char(1) COLLATE utf8_spanish2_ci NOT NULL DEFAULT '1',
  `IDUSUARIOCREACION` char(30) COLLATE utf8_spanish2_ci NOT NULL,
  `FECHACREACION` datetime NOT NULL,
  `IDUSUARIOMOD` char(30) COLLATE utf8_spanish2_ci DEFAULT NULL,
  `FECHAMOD` timestamp NOT NULL DEFAULT CURRENT_TIMESTAMP,
  PRIMARY KEY (`IDSTOCK`),
  KEY `IDPRODUCTO` (`IDPRODUCTO`),
  KEY `IDPRODUCTODETALLE` (`IDPRODUCTODETALLE`),
  CONSTRAINT `kar_stock_ibfk_1` FOREIGN KEY (`IDPRODUCTO`) REFERENCES `kar_producto` (`IDPRODUCTO`),
  CONSTRAINT `kar_stock_ibfk_2` FOREIGN KEY (`IDPRODUCTODETALLE`) REFERENCES `kar_producto_detalle` (`IDPRODUCTODETALLE`)
) ENGINE=InnoDB AUTO_INCREMENT=12 DEFAULT CHARSET=utf8 COLLATE=utf8_spanish2_ci;

/*Data for the table `kar_stock` */

insert  into `kar_stock`(`IDSTOCK`,`IDPRODUCTO`,`IDPRODUCTODETALLE`,`CANTIDAD`,`PRECIO_VENTA`,`INVERSION`,`OBSERVACION`,`ESTADO`,`IDUSUARIOCREACION`,`FECHACREACION`,`IDUSUARIOMOD`,`FECHAMOD`) values (0001,0001,0009,'500','10','4250','ESTE ESTOCK ES DE LA OS 15423','1','FLAURA','2020-09-13 12:55:07',NULL,'2020-09-13 12:55:10'),(0002,0001,0009,'10','5','30',NULL,'1','FLAURA','0000-00-00 00:00:00',NULL,'2020-09-13 19:25:07'),(0003,0001,0009,'22','22','22','','0','FLAURA','0000-00-00 00:00:00','FLAURA','2020-09-13 19:25:50'),(0004,0001,0009,'22','22','22','22','0','FLAURA','0000-00-00 00:00:00','FLAURA','2020-09-13 19:26:32'),(0005,0005,0011,'2','10','10','ESTO ES UNA DESCRIPCION DEL STOCK DE:\r\nCOLCHON: PARAISO 2 PLAZAS','1','FLAURA','0000-00-00 00:00:00',NULL,'2020-09-13 20:25:01'),(0006,0005,0012,'4','20','40','ESTO ES UNA DESCRIPCION DEL STOCK DE:\r\nCOLCHON: PARAISO 1 PLAZA','1','FLAURA','0000-00-00 00:00:00',NULL,'2020-09-13 20:25:30'),(0007,0005,0013,'5','25','50','ESTO ES UNA DESCRIPCION DEL STOCK DE:\r\nCOLCHON: ROSEN 1 PLAZA','1','FLAURA','0000-00-00 00:00:00',NULL,'2020-09-13 20:26:06'),(0008,0005,0011,'3','15','25','ESTO ES UNA DESCRIPCION DEL STOCK DE:\r\nCOLCHON: PARAISO 2 PLAZAS\r\n---- NUEVO STOCK --','1','FLAURA','0000-00-00 00:00:00',NULL,'2020-09-13 20:28:08'),(0009,0006,0014,'15','15','100','','1','FLAURA','0000-00-00 00:00:00',NULL,'2020-09-14 00:09:10'),(0010,0007,0015,'50','35','250','DASDBASHDBAS\r\nFASDFASFASFAS\r\nFASF\r\nASFASF','1','FLAURA','0000-00-00 00:00:00',NULL,'2020-09-14 01:01:44'),(0011,0007,0015,'50','45','300','','1','FLAURA','0000-00-00 00:00:00',NULL,'2020-09-14 01:09:51');

/*Table structure for table `kar_usuario` */

DROP TABLE IF EXISTS `kar_usuario`;

CREATE TABLE `kar_usuario` (
  `IDUSUARIO` char(30) COLLATE utf8_spanish2_ci NOT NULL,
  `CONTRASENIA` char(50) COLLATE utf8_spanish2_ci NOT NULL,
  `ESTADO` int(1) NOT NULL DEFAULT '1' COMMENT '1 ACTIVO / 0 INACTIVO',
  `IDPERSONA` int(4) unsigned zerofill NOT NULL,
  `IDPERFIL` int(2) unsigned zerofill DEFAULT NULL,
  `IDUSUARIOCREACION` char(30) COLLATE utf8_spanish2_ci NOT NULL,
  `FECHACREACION` timestamp NOT NULL DEFAULT CURRENT_TIMESTAMP,
  `IDUSUARIOMOD` char(30) COLLATE utf8_spanish2_ci NOT NULL,
  `FECHAMOD` timestamp NOT NULL DEFAULT CURRENT_TIMESTAMP ON UPDATE CURRENT_TIMESTAMP,
  PRIMARY KEY (`IDUSUARIO`),
  KEY `fk_idperfil` (`IDPERFIL`),
  KEY `IDPERSONA` (`IDPERSONA`),
  CONSTRAINT `dt_usuario_ibfk_1` FOREIGN KEY (`IDPERSONA`) REFERENCES `kar_persona` (`IDPERSONA`),
  CONSTRAINT `dt_usuario_ibfk_2` FOREIGN KEY (`IDPERFIL`) REFERENCES `seguridad_perfil` (`IDPERFIL`)
) ENGINE=InnoDB DEFAULT CHARSET=utf8 COLLATE=utf8_spanish2_ci;

/*Data for the table `kar_usuario` */

insert  into `kar_usuario`(`IDUSUARIO`,`CONTRASENIA`,`ESTADO`,`IDPERSONA`,`IDPERFIL`,`IDUSUARIOCREACION`,`FECHACREACION`,`IDUSUARIOMOD`,`FECHAMOD`) values ('FLAURA','458f4c520e432987bb4851036aa393ae26c8cba6',1,0106,01,'ADMIN','2020-09-13 00:15:05','FLAURA','2020-09-13 00:26:31'),('NAYALA','4ca6f96a36cef191d07a844d3b3a78527c486b1b',1,0194,05,'FLAURA','2020-09-13 00:32:40','FLAURA','2020-09-14 00:51:56'),('RLAURA','310989cd855252f8cdfc6964a7b2d452367e0ddd',1,0195,05,'FLAURA','2020-09-13 12:50:53','FLAURA','2020-09-13 12:51:29');

/*Table structure for table `kar_venta` */

DROP TABLE IF EXISTS `kar_venta`;

CREATE TABLE `kar_venta` (
  `IDVENTA` int(4) unsigned zerofill NOT NULL AUTO_INCREMENT,
  `IDPRODUCTO` int(4) unsigned zerofill NOT NULL,
  `IDPRODUCTODETALLE` int(4) unsigned zerofill NOT NULL,
  `IDSTOCK` int(4) unsigned zerofill NOT NULL,
  `CANTIDAD` char(10) COLLATE utf8_spanish2_ci NOT NULL,
  `PRECIO_SUGERIDO` char(15) COLLATE utf8_spanish2_ci NOT NULL,
  `PRECIO_VENDIDO` char(15) COLLATE utf8_spanish2_ci NOT NULL,
  `OBSERVACION` mediumtext COLLATE utf8_spanish2_ci NOT NULL,
  `ESTADO` char(1) COLLATE utf8_spanish2_ci NOT NULL DEFAULT '1',
  `IDUSUARIOCREACION` char(30) COLLATE utf8_spanish2_ci NOT NULL,
  `FECHACREACION` datetime NOT NULL,
  `IDUSUARIOMOD` char(30) COLLATE utf8_spanish2_ci DEFAULT NULL,
  `FECHAMOD` timestamp NOT NULL DEFAULT CURRENT_TIMESTAMP,
  PRIMARY KEY (`IDVENTA`),
  KEY `IDPRODUCTO` (`IDPRODUCTO`),
  KEY `IDPRODUCTODETALLE` (`IDPRODUCTODETALLE`),
  KEY `IDSTOCK` (`IDSTOCK`),
  CONSTRAINT `kar_venta_ibfk_1` FOREIGN KEY (`IDPRODUCTO`) REFERENCES `kar_producto` (`IDPRODUCTO`),
  CONSTRAINT `kar_venta_ibfk_2` FOREIGN KEY (`IDPRODUCTODETALLE`) REFERENCES `kar_producto_detalle` (`IDPRODUCTODETALLE`),
  CONSTRAINT `kar_venta_ibfk_3` FOREIGN KEY (`IDSTOCK`) REFERENCES `kar_stock` (`IDSTOCK`)
) ENGINE=InnoDB AUTO_INCREMENT=19 DEFAULT CHARSET=utf8 COLLATE=utf8_spanish2_ci;

/*Data for the table `kar_venta` */

insert  into `kar_venta`(`IDVENTA`,`IDPRODUCTO`,`IDPRODUCTODETALLE`,`IDSTOCK`,`CANTIDAD`,`PRECIO_SUGERIDO`,`PRECIO_VENDIDO`,`OBSERVACION`,`ESTADO`,`IDUSUARIOCREACION`,`FECHACREACION`,`IDUSUARIOMOD`,`FECHAMOD`) values (0002,0005,0013,0007,'3','100','90','OBSRAVIONASDASDSA','1','FLAURA','0000-00-00 00:00:00',NULL,'2020-09-13 21:42:18'),(0003,0005,0013,0007,'1','25','25','','1','FLAURA','0000-00-00 00:00:00',NULL,'2020-09-13 21:45:47'),(0005,0005,0013,0007,'1','25','20','','1','FLAURA','0000-00-00 00:00:00',NULL,'2020-09-13 22:05:23'),(0006,0005,0012,0006,'4','80','80','','1','FLAURA','0000-00-00 00:00:00',NULL,'2020-09-13 22:26:08'),(0007,0005,0011,0005,'1','10','10','','1','FLAURA','0000-00-00 00:00:00',NULL,'2020-09-13 22:27:43'),(0008,0005,0011,0008,'1','15','15','','0','FLAURA','0000-00-00 00:00:00',NULL,'2020-09-13 22:27:54'),(0009,0001,0009,0001,'499','4990','4990','','1','FLAURA','0000-00-00 00:00:00',NULL,'2020-09-14 00:12:25'),(0010,0001,0009,0002,'3','15','15','','1','FLAURA','0000-00-00 00:00:00',NULL,'2020-09-14 00:17:54'),(0011,0001,0009,0002,'3','15','15','','1','FLAURA','0000-00-00 00:00:00',NULL,'2020-09-14 00:18:17'),(0012,0001,0009,0001,'1','10','10','','1','FLAURA','0000-00-00 00:00:00',NULL,'2020-09-14 00:22:04'),(0013,0001,0009,0002,'1','5','5','','1','FLAURA','0000-00-00 00:00:00',NULL,'2020-09-14 00:44:20'),(0014,0001,0009,0002,'1','5','5','','1','NAYALA','0000-00-00 00:00:00',NULL,'2020-09-14 00:56:50'),(0015,0007,0015,0010,'49','1715','1715','','1','FLAURA','0000-00-00 00:00:00',NULL,'2020-09-14 01:06:39'),(0016,0007,0015,0011,'50','2250','2250','','1','FLAURA','0000-00-00 00:00:00',NULL,'2020-09-14 01:11:03'),(0017,0001,0009,0002,'2','10','10','','1','FLAURA','0000-00-00 00:00:00',NULL,'2020-09-14 01:58:42'),(0018,0005,0011,0005,'1','10','10','','1','FLAURA','0000-00-00 00:00:00',NULL,'2020-09-14 02:42:53');

/*Table structure for table `seguridad_modulo` */

DROP TABLE IF EXISTS `seguridad_modulo`;

CREATE TABLE `seguridad_modulo` (
  `IDMODULO` int(2) unsigned zerofill NOT NULL AUTO_INCREMENT,
  `NOMBRE_MODULO` char(30) COLLATE utf8_spanish2_ci NOT NULL,
  `DESCRIPCION` char(50) COLLATE utf8_spanish2_ci NOT NULL,
  `TIPO` char(20) COLLATE utf8_spanish2_ci NOT NULL,
  `UBICACION` char(50) COLLATE utf8_spanish2_ci NOT NULL,
  `FLAG` int(1) NOT NULL DEFAULT '1' COMMENT '1 -> ACTIVO / 0->INACTIVO',
  `FECHAMOD` timestamp NOT NULL DEFAULT CURRENT_TIMESTAMP ON UPDATE CURRENT_TIMESTAMP,
  PRIMARY KEY (`IDMODULO`)
) ENGINE=InnoDB AUTO_INCREMENT=14 DEFAULT CHARSET=utf8 COLLATE=utf8_spanish2_ci;

/*Data for the table `seguridad_modulo` */

insert  into `seguridad_modulo`(`IDMODULO`,`NOMBRE_MODULO`,`DESCRIPCION`,`TIPO`,`UBICACION`,`FLAG`,`FECHAMOD`) values (01,'MENU_PANEL','Inicio','MENU_PAN','panel',1,'2018-04-03 16:59:26'),(02,'MENU_SEGURIDAD','Control de Acceso','MENU_SEG','usuario',1,'2018-04-03 16:50:55'),(03,'MENU_COMPETENCIA','Registro de Competencias','MENU_COM','competencia',0,'2020-09-13 00:52:37'),(04,'MENU_EVALUACION','Apertura','MENU_EVA','evaluacion',0,'2020-09-13 00:52:38'),(05,'MENU_ASIGNACION','Asignacion','MENU_EVA','asignacion',0,'2020-09-13 00:52:40'),(06,'MENU_PRUEBA','Pruebas','MENU_EVA','prueba',0,'2020-09-13 00:52:41'),(07,'MENU_INDICADOR','Indicador','MENU_IND','indicador',0,'2020-09-13 00:52:43'),(08,'MENU_PRUEBA_DETALLE','Busqueda','MENU_IND','busqueda',0,'2020-09-13 00:52:45'),(09,'MENU_COMPARACION','Comparacion x Evaluacion','MENU_IND','comparacion',0,'2020-09-13 00:52:47'),(10,'MENU_REGISTRO_STOCK','Registro de Stock','MENU_PRO','producto',1,'2020-09-13 13:33:46'),(11,'MENU_CATALOGO','Catalogo de Productos','MENU_PRO','catalogo',1,'2020-09-13 13:32:40'),(12,'MENU_VENTAS','Registro de Ventas','MENU_VEN','venta',1,'2020-09-13 19:54:45'),(13,'MENU_REPORTES','Reportes','MENU_REP','reporte',1,'2020-09-13 01:06:26');

/*Table structure for table `seguridad_modulo_perfil` */

DROP TABLE IF EXISTS `seguridad_modulo_perfil`;

CREATE TABLE `seguridad_modulo_perfil` (
  `IDDETALLE` int(4) unsigned zerofill NOT NULL AUTO_INCREMENT,
  `IDMODULO` int(2) unsigned zerofill NOT NULL,
  `IDPERFIL` int(2) unsigned zerofill NOT NULL,
  `PERMISO` int(1) NOT NULL,
  `FECHAMOD` timestamp NOT NULL DEFAULT CURRENT_TIMESTAMP ON UPDATE CURRENT_TIMESTAMP,
  PRIMARY KEY (`IDDETALLE`),
  KEY `seguridad_modulo_perfil_ibfk_1` (`IDMODULO`),
  KEY `seguridad_modulo_perfil_ibfk_2` (`IDPERFIL`),
  CONSTRAINT `seguridad_modulo_perfil_ibfk_1` FOREIGN KEY (`IDMODULO`) REFERENCES `seguridad_modulo` (`IDMODULO`),
  CONSTRAINT `seguridad_modulo_perfil_ibfk_2` FOREIGN KEY (`IDPERFIL`) REFERENCES `seguridad_perfil` (`IDPERFIL`)
) ENGINE=InnoDB AUTO_INCREMENT=90 DEFAULT CHARSET=utf8;

/*Data for the table `seguridad_modulo_perfil` */

insert  into `seguridad_modulo_perfil`(`IDDETALLE`,`IDMODULO`,`IDPERFIL`,`PERMISO`,`FECHAMOD`) values (0017,02,03,0,'2018-04-10 16:28:40'),(0042,01,02,0,'2018-05-01 12:28:47'),(0043,06,02,0,'2018-05-01 12:28:47'),(0068,01,04,0,'2020-09-13 00:33:41'),(0069,02,04,0,'2020-09-13 00:33:41'),(0079,01,01,0,'2020-09-13 01:06:49'),(0080,02,01,0,'2020-09-13 01:06:49'),(0081,10,01,0,'2020-09-13 01:06:49'),(0082,11,01,0,'2020-09-13 01:06:49'),(0083,12,01,0,'2020-09-13 01:06:49'),(0084,13,01,0,'2020-09-13 01:06:49'),(0087,01,05,0,'2020-09-14 00:52:07'),(0088,11,05,0,'2020-09-14 00:52:07'),(0089,12,05,0,'2020-09-14 00:52:07');

/*Table structure for table `seguridad_perfil` */

DROP TABLE IF EXISTS `seguridad_perfil`;

CREATE TABLE `seguridad_perfil` (
  `IDPERFIL` int(2) unsigned zerofill NOT NULL AUTO_INCREMENT,
  `NOMBRE_PERFIL` char(30) CHARACTER SET utf8 COLLATE utf8_spanish2_ci NOT NULL,
  `FLAG` int(1) NOT NULL DEFAULT '1',
  `IDUSUARIOCREACION` char(30) CHARACTER SET utf8 COLLATE utf8_spanish2_ci NOT NULL,
  `FECHACREACION` timestamp NOT NULL DEFAULT CURRENT_TIMESTAMP,
  `IDUSUARIOMOD` char(30) CHARACTER SET utf8 COLLATE utf8_spanish2_ci NOT NULL,
  `FECHAMOD` timestamp NOT NULL DEFAULT CURRENT_TIMESTAMP ON UPDATE CURRENT_TIMESTAMP,
  PRIMARY KEY (`IDPERFIL`)
) ENGINE=InnoDB AUTO_INCREMENT=6 DEFAULT CHARSET=utf8;

/*Data for the table `seguridad_perfil` */

insert  into `seguridad_perfil`(`IDPERFIL`,`NOMBRE_PERFIL`,`FLAG`,`IDUSUARIOCREACION`,`FECHACREACION`,`IDUSUARIOMOD`,`FECHAMOD`) values (01,'ADMINISTRADOR',1,'','2018-04-05 17:32:48','FLAURA','2018-04-10 14:49:05'),(02,'INVITADO',0,'','2018-04-05 18:02:27','FLAURA','2018-04-10 16:28:24'),(03,'SISTEMAS',1,'','2018-04-10 16:28:18','','2018-04-10 16:28:18'),(04,'TEST',1,'','2020-09-13 00:33:41','','2020-09-13 00:33:41'),(05,'VENDEDOR',1,'','2020-09-13 12:50:30','','2020-09-13 12:50:30');

/*!40101 SET SQL_MODE=@OLD_SQL_MODE */;
/*!40014 SET FOREIGN_KEY_CHECKS=@OLD_FOREIGN_KEY_CHECKS */;
/*!40014 SET UNIQUE_CHECKS=@OLD_UNIQUE_CHECKS */;
/*!40111 SET SQL_NOTES=@OLD_SQL_NOTES */;
